rule,send_time,symbol,base,futures_symbol,close,multiple,quiet_1h,quiet_4h,ret_bar,prior_24h,oi_1h,oi_z,ret_15m,ret_30m,ret_1h,ret_4h,ret_1d,max_up,max_dn,pnl100_15m,pnl100_30m,pnl100_1h,pnl100_4h,pnl100_1d,pnl100_max_up,pnl100_max_dn
early_oi,2026-09-11 15:00,0GUSDT,0G,0GUSDT,0.189,18.670986,0.105175,0.54775,0.021622,-0.024262,0.015045625125616802,3.9503168222346696,0.00952380952380949,0.017989417989418,0.01904761904761898,0.03439153439153442,0.007407407407407529,0.929100529100529,-0.03915343915343905,0.9524,1.7989,1.9048,3.4392,0.7407,92.9101,-3.9153
early_oi,2026-09-29 07:15,0GUSDT,0G,0GUSDT,0.2862,10.026417,2.116765,2.265459,0.023971,0.075,0.02092107818001998,4.842387693608403,0.01187980433263447,0.016422082459818244,0.03424178895877006,-0.00034940600978328185,0.15373864430468198,0.2739343116701607,-0.04227812718378754,1.188,1.6422,3.4242,-0.0349,15.3739,27.3934,-4.2278
early_oi,2026-09-08 15:45,1000CATUSDT,1000CAT,1000CATUSDT,0.002241,14.140362,2.303868,1.906079,0.026569,0.06384,0.0697966279223039,6.480753679330961,0.028558679161089007,-0.008924587237840287,-0.021419009370816533,-0.05131637661758148,-0.06470325747434169,0.09058456046407848,-0.15350290049085225,2.8559,-0.8925,-2.1419,-5.1316,-6.4703,9.0585,-15.3503
early_oi,2026-09-24 18:45,1000CATUSDT,1000CAT,1000CATUSDT,0.002287,13.661906,1.544376,0.597206,0.035779,-0.027313,0.0818215918733114,6.9539983673689,-0.007433318758198526,-0.00961958898119808,-0.006996064713598593,0.03454306952339303,0.0013117621337996876,0.06864888500218624,-0.04853519895059033,-0.7433,-0.962,-0.6996,3.4543,0.1312,6.8649,-4.8535
early_oi,2026-09-23 02:45,1000SATSUSDT,1000SATS,1000SATSUSDT,1.3e-05,17.169578,1.555234,1.047813,0.011182,0.00401,0.00813702238102798,1.1479896353250911,-0.00868878357030023,-0.003159557661927437,-0.00789889415481837,0.010268562401263726,-0.10347551342812011,0.09320695102685606,-0.11216429699842023,-0.8689,-0.316,-0.7899,1.0269,-10.3476,9.3207,-11.2164
early_oi,2026-09-27 00:15,1000SATSUSDT,1000SATS,1000SATSUSDT,1.3e-05,32.133865,0.923678,0.327076,0.06388,0.050539,0.11646933680676708,17.514377340276873,0.01927353595255754,-0.022979985174203188,-0.025203854707190554,-0.047442550037064435,-0.0348406226834691,0.02594514455151975,-0.12527798369162335,1.9274,-2.298,-2.5204,-4.7443,-3.4841,2.5945,-12.5278
early_oi,2026-09-01 16:45,1MBABYDOGEUSDT,1MBABYDOGE,1MBABYDOGEUSDT,0.000363,63.384515,0.66047,0.160512,0.029462,-0.009262,0.0279853055821353,1.4379911882878298,0.002476609796367768,-0.0005503577325262077,0.019812878370941256,0.018987341772152,0.013758943313153527,0.193725921849202,-0.03026967528893776,0.2477,-0.055,1.9813,1.8987,1.3759,19.3726,-3.027
early_oi,2026-09-03 23:00,1MBABYDOGEUSDT,1MBABYDOGE,1MBABYDOGEUSDT,0.000394,10.452949,0.804275,1.418387,0.017553,0.059628,0.036971183472066516,4.512277326642828,-0.0091324200913242,-0.007102993404363156,0.004058853373921867,0.0025367833587013333,-0.032470826991374935,0.1004566210045661,-0.10603754439370872,-0.9132,-0.7103,0.4059,0.2537,-3.2471,10.0457,-10.6038
early_oi,2026-09-07 15:30,2ZUSDT,2Z,2ZUSDT,0.05216,12.305135,0.192306,0.50353,0.016368,-0.000973,0.04126588599831327,14.869375771741995,-0.013228527607361928,-0.018596625766871155,-0.011119631901840399,-0.010927914110429482,-0.01706288343558271,0.547929447852761,-0.1503067484662577,-1.3229,-1.8597,-1.112,-1.0928,-1.7063,54.7929,-15.0307
early_oi,2026-09-09 02:45,2ZUSDT,2Z,2ZUSDT,0.05326,27.10118,2.847557,0.555112,0.020111,0.023725,0.017610214364174093,1.2213719556021188,-0.0174615095756665,-0.0317311303041683,-0.038678182500938796,-0.04337213668794593,-0.052009012392039033,0.5159594442358244,-0.16785580172737524,-1.7462,-3.1731,-3.8678,-4.3372,-5.2009,51.5959,-16.7856
early_oi,2026-09-24 22:30,2ZUSDT,2Z,2ZUSDT,0.05544,39.801166,1.614,0.933896,0.038981,0.029122,0.11006269529842783,36.90963355762652,-0.015512265512265588,-0.012806637806637822,-0.024170274170274175,0.037878787878787845,0.02056277056277045,0.4563492063492063,-0.20057720057720063,-1.5512,-1.2807,-2.417,3.7879,2.0563,45.6349,-20.0577
early_oi,2026-09-26 13:30,2ZUSDT,2Z,2ZUSDT,0.05932,25.459861,1.453414,1.183921,0.027364,0.048865,0.04300169157661915,3.450194112858707,0.023263654753877372,0.03354686446392452,0.18661496965610236,0.32956844234659477,0.14935940660822666,0.3610923803101822,-0.25286581254214435,2.3264,3.3547,18.6615,32.9568,14.9359,36.1092,-25.2866
early_oi,2026-10-01 22:15,AAVEUSDT,AAVE,AAVEUSDT,168.23,17.786476,2.697408,1.552005,0.013129,0.023042,0.05103371858812311,3.381863024703559,0.009154134221007082,-0.010818522261189956,-0.01171015871128811,0.005349818700588482,0.08981751173988006,0.11454556262260018,-0.023182547702549905,0.9154,-1.0819,-1.171,0.535,8.9818,11.4546,-2.3183
early_oi,2026-09-01 20:15,ACEUSDT,ACE,ACEUSDT,0.1952,15.202257,1.90335,0.428344,0.090503,0.049853,0.011881188926808006,11.204965885330376,-0.004610655737705027,-0.04149590163934436,-0.03688524590163944,-0.029200819672131173,-0.0348360655737705,0.21823770491803285,-0.264344262295082,-0.4611,-4.1496,-3.6885,-2.9201,-3.4836,21.8238,-26.4344
early_oi,2026-09-02 17:00,ACHUSDT,ACH,ACHUSDT,0.00502,21.178852,0.152045,0.232013,0.014141,0.029106,0.02659011962690383,6.4341800881757045,-0.01195219123505975,-0.013944223107569709,-0.015936254980079667,-0.017928286852589626,0.019920318725099584,0.31075697211155373,-0.05179282868525892,-1.1952,-1.3944,-1.5936,-1.7928,1.992,31.0757,-5.1793
early_oi,2026-09-18 22:30,ACHUSDT,ACH,ACHUSDT,0.00564,19.478559,0.969014,0.593388,0.042514,0.056641,0.16793391875855557,52.60062492352487,0.012411347517730542,0.023049645390070816,0.028368794326240954,0.06028368794326244,0.06382978723404253,0.16666666666666674,-0.024822695035461084,1.2411,2.305,2.8369,6.0284,6.383,16.6667,-2.4823
early_oi,2026-09-25 00:00,ACHUSDT,ACH,ACHUSDT,0.00609,17.438847,0.813983,0.599161,0.044597,0.021016,0.19144899554857764,22.315998671891375,-0.006568144499178974,0.0,0.0,0.019704433497536922,0.004926108374384119,0.08045977011494254,-0.049261083743842304,-0.6568,0.0,0.0,1.9704,0.4926,8.046,-4.9261
early_oi,2026-09-28 06:45,ACHUSDT,ACH,ACHUSDT,0.00651,11.567482,0.563691,0.450329,0.026814,0.024233,0.026947294313991232,3.7227024220292217,0.0,-0.006144393241167445,-0.006144393241167445,-0.03993855606758834,-0.09216589861751145,0.007680491551459223,-0.1105990783410139,0.0,-0.6144,-0.6144,-3.9939,-9.2166,0.768,-11.0599
early_oi,2026-09-08 23:30,ADAUSDT,ADA,ADAUSDT,0.2294,10.403902,2.539154,1.588981,0.02365,0.019563,0.03116735106915791,2.252607122916952,0.0008718395815170421,-0.00043591979075841003,-0.012641673931996444,-0.033565823888404456,-0.06233653007846551,0.15693112467306025,-0.17044463818657363,0.0872,-0.0436,-1.2642,-3.3566,-6.2337,15.6931,-17.0445
early_oi,2026-09-11 20:45,ADAUSDT,ADA,ADAUSDT,0.2073,16.407724,2.455805,1.94244,0.021182,-0.046501,0.009786332749621707,4.485445766730002,0.00868306801736618,-0.0004823926676315038,0.0038591413410515862,0.009647853352628966,0.0077182826821031725,0.2802701398938736,-0.08200675349734687,0.8683,-0.0482,0.3859,0.9648,0.7718,28.027,-8.2007
early_oi,2026-09-22 12:15,ADAUSDT,ADA,ADAUSDT,0.2509,14.422467,1.799477,2.193076,0.011286,0.069858,0.007247507411864751,2.7677938878618096,-0.0019928258270227595,-0.015942606616181743,-0.01634117178158634,-0.019529693104822665,0.030689517736149696,0.057791948983658914,-0.0717417297728179,-0.1993,-1.5943,-1.6341,-1.953,3.069,5.7792,-7.1742
early_oi,2026-09-24 22:30,ADAUSDT,ADA,ADAUSDT,0.2503,10.219317,2.284122,0.873892,0.02582,0.01371,0.006949256702257767,3.529954925740008,-0.0067918497802638145,-0.01877746703955252,-0.009988014382740884,-0.011985617259288928,0.006392329204953917,0.06032760687175398,-0.05353575709149028,-0.6792,-1.8777,-0.9988,-1.1986,0.6392,6.0328,-5.3536
early_oi,2026-09-09 03:30,AIXBTUSDT,AIXBT,AIXBTUSDT,0.02296,12.59457,1.111818,0.776403,0.040798,-0.010319,0.0647588373133694,7.042501361049183,0.005662020905923271,-0.0030487804878048808,-0.007839721254355392,-0.025696864111498297,-0.03527874564459943,0.14067944250871078,-0.20034843205574915,0.5662,-0.3049,-0.784,-2.5697,-3.5279,14.0679,-20.0348
early_oi,2026-09-26 23:15,AIXBTUSDT,AIXBT,AIXBTUSDT,0.02503,12.605728,1.171524,1.071856,0.020799,0.035036,0.01359359567895635,3.278433517315427,0.004794246903715438,-0.003595685177786634,0.007191370355573268,-0.02117459049141024,-0.04394726328405918,0.04634438673591701,-0.1402317219336795,0.4794,-0.3596,0.7191,-2.1175,-4.3947,4.6344,-14.0232
early_oi,2026-09-08 10:15,ALGOUSDT,ALGO,ALGOUSDT,0.0994,13.438508,1.242572,1.389431,0.019487,0.022013,0.00990559615921538,2.789828258369753,-0.008048289738430636,-0.00905432595573441,-0.01609657947686116,-0.010060362173038184,0.007042253521126751,0.41348088531187144,-0.14486921529175045,-0.8048,-0.9054,-1.6097,-1.006,0.7042,41.3481,-14.4869
early_oi,2026-10-02 15:00,ALGOUSDT,ALGO,ALGOUSDT,0.1304,20.557684,0.889867,1.370427,0.031646,-0.0125,0.056780290314222714,9.22810621492674,0.0076687116564417845,0.0076687116564417845,0.013803680981595345,0.0,,0.02530674846625791,-0.049846625766871155,0.7669,0.7669,1.3804,0.0,,2.5307,-4.9847
early_oi,2026-09-23 00:15,ALICEUSDT,ALICE,ALICEUSDT,0.1511,20.913435,0.292796,0.325494,0.046399,0.016901,0.13562739086028763,58.97507611551701,0.004632693580410185,-0.012574454003970947,-0.008603573792190788,-0.031105228325612244,-0.0648577101257446,0.6326935804103242,-0.09331568497683651,0.4633,-1.2574,-0.8604,-3.1105,-6.4858,63.2694,-9.3316
early_oi,2026-09-27 22:45,ALICEUSDT,ALICE,ALICEUSDT,0.1654,12.360789,0.50905,0.461555,0.019729,-0.004297,0.013142441696915697,2.8626307625069187,-0.007255139056831839,-0.019951632406287723,-0.027206771463119783,-0.02841596130592494,-0.11185006045949208,0.4915356711003629,-0.11970979443772667,-0.7255,-1.9952,-2.7207,-2.8416,-11.185,49.1536,-11.971
early_oi,2026-09-29 14:30,ALICEUSDT,ALICE,ALICEUSDT,0.1689,30.151637,2.567146,1.238373,0.027372,0.077326,0.15762291915941473,13.174712397553696,-0.00414446417998815,0.002960331557134488,0.00355239786856143,-0.03730017761989346,-0.03433984606275908,0.46062759029011247,-0.05150976909413851,-0.4144,0.296,0.3552,-3.73,-3.434,46.0628,-5.151
early_oi,2026-10-01 23:00,ALICEUSDT,ALICE,ALICEUSDT,0.201,123.283521,0.789756,0.762963,0.175439,0.045872,0.2511580589705189,28.940208842610843,0.15671641791044766,0.045771144278606846,0.03930348258706462,0.022885572139303534,-0.11492537313432838,0.227363184079602,-0.16268656716417917,15.6716,4.5771,3.9303,2.2886,-11.4925,22.7363,-16.2687
early_oi,2026-09-14 08:15,ALTUSDT,ALT,ALTUSDT,0.00657,410.627118,1.881876,1.22587,0.021773,-0.012289,0.06636202113488987,15.530288657238051,-0.0015220700152207556,0.0,0.00913242009132409,0.02130898021308969,0.00913242009132409,0.2800608828006088,-0.06849315068493167,-0.1522,0.0,0.9132,2.1309,0.9132,28.0061,-6.8493
early_oi,2026-09-26 18:00,ALTUSDT,ALT,ALTUSDT,0.00817,20.061504,0.824521,0.783088,0.02125,0.011378,0.0432279811898062,18.40556334088039,0.012239902080783294,0.014687882496940086,0.009791921664626724,-0.002447980416156792,-0.009791921664626724,0.02937576499388017,-0.10159118727050187,1.224,1.4688,0.9792,-0.2448,-0.9792,2.9376,-10.1591
early_oi,2026-09-10 14:45,ANIMEUSDT,ANIME,ANIMEUSDT,0.00323,104.723658,1.217304,2.08785,0.035256,0.050505,0.3179387690452615,47.729190715073806,0.02786377708978338,0.14551083591331282,-0.006191950464396134,-0.006191950464396134,-0.10526315789473673,0.18885448916408687,-0.1486068111455109,2.7864,14.5511,-0.6192,-0.6192,-10.5263,18.8854,-14.8607
early_oi,2026-09-29 08:15,ANIMEUSDT,ANIME,ANIMEUSDT,0.00333,54.312827,0.256535,0.253196,0.012158,-0.046377,0.004944260585039162,1.8814099255676358,-0.012012012012012074,-0.006006006006005982,-0.033033033033032955,-0.036036036036036,-0.027027027027027084,0.03603603603603589,-0.05405405405405406,-1.2012,-0.6006,-3.3033,-3.6036,-2.7027,3.6036,-5.4054
early_oi,2026-09-02 08:15,ANKRUSDT,ANKR,ANKRUSDT,0.00401,101.761573,0.484796,0.049806,0.012626,0.015385,0.026482532287258165,4.184487675606404,-0.0349127182044886,-0.01995012468827917,-0.02244389027431415,-0.024937655860349017,0.15211970074812986,0.35411471321695775,-0.0349127182044886,-3.4913,-1.995,-2.2444,-2.4938,15.212,35.4115,-3.4913
early_oi,2026-09-03 08:15,ANKRUSDT,ANKR,ANKRUSDT,0.00462,347.193673,0.641022,0.130976,0.163728,0.002525,0.26992682875062424,58.48558018570217,0.05844155844155852,0.05411255411255422,0.04761904761904745,0.0021645021645020357,-0.08658008658008665,0.17532467532467533,-0.12770562770562777,5.8442,5.4113,4.7619,0.2165,-8.658,17.5325,-12.7706
early_oi,2026-09-04 05:30,ANKRUSDT,ANKR,ANKRUSDT,0.00432,13.355111,1.235508,1.81234,0.018868,0.070707,0.029141972092776136,1.6330030763504233,-0.0023148148148148806,-0.0185185185185186,-0.01620370370370361,-0.03703703703703709,-0.03703703703703709,0.2569444444444444,-0.06712962962962965,-0.2315,-1.8519,-1.6204,-3.7037,-3.7037,25.6944,-6.713
early_oi,2026-09-13 19:45,ANKRUSDT,ANKR,ANKRUSDT,0.00462,17.394854,0.533057,0.86128,0.010941,0.060325,0.009424157225784047,4.132864469272347,0.010822510822510845,0.012987012987013102,0.012987012987013102,0.017316017316017396,0.01948051948051943,0.17532467532467533,-0.07575757575757569,1.0823,1.2987,1.2987,1.7316,1.9481,17.5325,-7.5758
early_oi,2026-09-28 00:45,APEUSDT,APE,APEUSDT,0.1634,11.716469,0.824459,0.824459,0.014277,0.017045,0.03786691525984143,4.134857501995795,0.01101591187270512,0.03304773561811514,0.02937576499387995,0.023255813953488413,-0.08935128518971847,0.16891064871481043,-0.12851897184822514,1.1016,3.3048,2.9376,2.3256,-8.9351,16.8911,-12.8519
early_oi,2026-10-02 18:45,APEUSDT,APE,APEUSDT,0.16,10.632876,2.741179,1.752849,0.015228,0.058428,0.02652862212238105,1.122425769593972,-0.0050000000000000044,0.0012499999999999734,-0.0068749999999999645,0.07062499999999994,,0.1937500000000001,-0.018125000000000058,-0.5,0.125,-0.6875,7.0625,,19.375,-1.8125
early_oi,2026-09-01 18:00,API3USDT,API3,API3USDT,0.2292,113.506659,0.774579,0.315006,0.031503,0.057088,0.066122437475294,25.86797674523556,0.005235602094240788,-0.005671902268760909,0.008289703315881303,-0.02661431064572428,-0.03490401396160547,0.3961605584642236,-0.048429319371727786,0.5236,-0.5672,0.829,-2.6614,-3.4904,39.6161,-4.8429
early_oi,2026-09-13 15:45,API3USDT,API3,API3USDT,0.253,33.056746,2.169494,1.936519,0.013622,0.074935,0.02554807375629231,3.942428871745028,0.0007905138339920903,0.01383399209486158,0.0122529644268774,0.029644268774703608,-0.013438735177865646,0.2648221343873518,-0.13596837944664042,0.0791,1.3834,1.2253,2.9644,-1.3439,26.4822,-13.5968
early_oi,2026-09-16 07:15,API3USDT,API3,API3USDT,0.2294,11.236799,0.466473,0.597342,0.021371,-0.070749,0.007806478669492245,1.0940960050259443,0.0039232781168265785,-0.00043591979075841003,-0.008718395815169977,-0.02048823016564949,-0.014385353095030529,0.3949433304272014,-0.04707933740191805,0.3923,-0.0436,-0.8718,-2.0488,-1.4385,39.4943,-4.7079
early_oi,2026-09-19 14:30,API3USDT,API3,API3USDT,0.2478,21.001196,1.384036,0.649002,0.017659,0.03397,0.01064272788343179,2.6207052685242056,-0.00363196125907983,-0.005246166263115359,0.002421307506053294,0.023002421307506182,-0.002421307506053183,0.29136400322841016,-0.0334947538337369,-0.3632,-0.5246,0.2421,2.3002,-0.2421,29.1364,-3.3495
early_oi,2026-09-23 08:15,API3USDT,API3,API3USDT,0.2919,279.793291,1.126618,0.44369,0.066886,0.041096,0.06076177737758326,14.259434123016025,-0.0174717368961973,-0.0208975676601576,-0.043165467625899234,-0.02877697841726623,-0.11579307982185683,0.01918465227817734,-0.12778348749571766,-1.7472,-2.0898,-4.3165,-2.8777,-11.5793,1.9185,-12.7783
early_oi,2026-09-12 11:00,APTUSDT,APT,APTUSDT,0.619,10.666697,1.056364,0.769643,0.013093,-0.072838,0.012266034571382534,2.116813642010061,-0.008077544426494332,-0.009693053311793265,0.0,-0.01292407108239102,-0.03392568659127626,0.437318255250404,-0.15347334410339253,-0.8078,-0.9693,0.0,-1.2924,-3.3926,43.7318,-15.3473
early_oi,2026-09-21 14:30,APTUSDT,APT,APTUSDT,0.769,11.679926,1.393102,1.808624,0.037787,0.024896,0.04819064644557458,9.172234416614202,0.0039011703511053764,0.007802340702210753,0.005201560468140354,-0.0013003901170350884,-0.0039011703511053764,0.15695708712613787,-0.044213263979193784,0.3901,0.7802,0.5202,-0.13,-0.3901,15.6957,-4.4213
early_oi,2026-09-24 22:30,APTUSDT,APT,APTUSDT,0.834,13.126222,2.834793,1.62512,0.033457,0.035678,0.0038251262273720776,2.1140711545546007,0.0013189448441246476,-0.022302158273381223,-0.01618705035971213,-0.02637889688249384,0.0017985611510791255,0.06678657074340544,-0.0972422062350119,0.1319,-2.2302,-1.6187,-2.6379,0.1799,6.6787,-9.7242
early_oi,2026-09-13 01:15,ARPAUSDT,ARPA,ARPAUSDT,0.0098,42.891176,0.592875,0.198197,0.022965,0.046995,0.011893545324494603,8.74597755171447,-0.020408163265306145,-0.008163265306122436,0.060204081632653006,0.004081632653061273,-0.004081632653061273,0.2387755102040816,-0.08163265306122458,-2.0408,-0.8163,6.0204,0.4082,-0.4082,23.8776,-8.1633
early_oi,2026-09-19 06:15,ARPAUSDT,ARPA,ARPAUSDT,0.01055,21.336557,1.141699,0.467295,0.013449,0.072091,0.1039212373272107,8.80813532433576,-0.0037914691943128354,-0.0037914691943128354,0.0028436018957347375,0.013270142180094702,-0.023696682464455,0.15071090047393354,-0.0597156398104266,-0.3791,-0.3791,0.2844,1.327,-2.3697,15.0711,-5.9716
early_oi,2026-09-23 16:15,ARPAUSDT,ARPA,ARPAUSDT,0.01189,17.121082,0.746723,0.453499,0.033913,0.060886,0.06727972301177765,9.503158501369573,-0.009251471825063029,-0.011774600504625643,-0.013456686291000719,-0.04541631623212772,-0.038687973086627414,0.00420521446593769,-0.10681244743481921,-0.9251,-1.1775,-1.3457,-4.5416,-3.8688,0.4205,-10.6812
early_oi,2026-10-01 00:00,ARPAUSDT,ARPA,ARPAUSDT,0.01156,11.503393,0.680863,0.487796,0.042381,0.004529,0.03880215347808558,16.278953848579665,-0.01730103806228378,-0.023356401384083125,-0.02941176470588236,-0.047577854671280284,-0.049307958477508684,0.01384083044982698,-0.06401384083044992,-1.7301,-2.3356,-2.9412,-4.7578,-4.9308,1.3841,-6.4014
early_oi,2026-09-03 09:15,ARUSDT,AR,ARUSDT,2.357,30.480972,0.680735,0.427076,0.016825,0.046974,0.005370230818509736,1.2535536801958922,0.0369113279592701,0.03224437844717842,0.01654645736105209,0.07721680101824346,0.10012728044123875,1.243954179041154,-0.00212134068731451,3.6911,3.2244,1.6546,7.7217,10.0127,124.3954,-0.2121
early_oi,2026-09-05 11:15,ARUSDT,AR,ARUSDT,2.827,14.91198,1.426298,1.354353,0.01581,0.057773,0.03959897234735488,2.864761568606342,0.01202688362221438,0.009904492394764874,0.013088079235939132,-0.019808984789529527,0.07286876547576937,0.8708878669968163,-0.1400778210116731,1.2027,0.9904,1.3088,-1.9809,7.2869,87.0888,-14.0078
early_oi,2026-09-28 01:45,ARUSDT,AR,ARUSDT,5.079,13.056155,2.289394,2.211112,0.02111,0.034956,0.02607706793841502,2.013736316923067,0.004528450482378599,0.007481787753494729,-0.012404016538688611,-0.05906674542232715,-0.15829887773183682,0.011025792478834395,-0.20791494388659182,0.4528,0.7482,-1.2404,-5.9067,-15.8299,1.1026,-20.7915
early_oi,2026-09-07 18:45,ASTERUSDT,ASTER,ASTERUSDT,0.81,13.046319,2.153824,1.448804,0.018868,0.021851,0.013390820085121824,2.7924396607364144,-0.006172839506172867,-0.0037037037037036535,-0.01728395061728394,-0.025925925925925908,-0.05679012345679013,0.0024691358024691024,-0.18395061728395068,-0.6173,-0.3704,-1.7284,-2.5926,-5.679,0.2469,-18.3951
early_oi,2026-09-03 08:15,ASTRUSDT,ASTR,ASTRUSDT,0.005471,10.686292,0.164345,0.115802,0.012211,-0.001293,0.009318045329439695,5.777411096224418,0.003107292999451561,0.00658014988119171,0.0045695485286052495,0.0025589471760190108,0.027051727289343797,0.7183330286967646,-0.007676841528057143,0.3107,0.658,0.457,0.2559,2.7052,71.8333,-0.7677
early_oi,2026-09-15 08:15,ASTRUSDT,ASTR,ASTRUSDT,0.006131,717.413386,1.881764,0.516898,0.011382,-0.020995,0.0024891339263106715,1.3806935035915564,0.05676072418854994,0.059207307127711495,0.17207633338770179,0.1963790572500408,0.10732343826455715,0.5333550807372369,-0.009297015168814204,5.6761,5.9207,17.2076,19.6379,10.7323,53.3355,-0.9297
early_oi,2026-09-27 16:00,ATOMUSDT,ATOM,ATOMUSDT,1.908,34.036662,1.172058,1.024432,0.024155,0.019704,0.025455749211388046,7.987897980288133,-0.008385744234800874,-0.007337526205450695,-0.008909853249475796,-0.011530398322851187,-0.08228511530398319,0.0036687631027254586,-0.1561844863731655,-0.8386,-0.7338,-0.891,-1.153,-8.2285,0.3669,-15.6184
early_oi,2026-09-10 22:00,ATUSDT,AT,ATUSDT,0.142,11.935756,0.900262,0.22412,0.050296,-0.025937,0.00862916592878582,3.7236032641240233,0.005633802816901623,0.050000000000000266,0.030985915492957927,0.0028169014084507005,0.03380281690140863,0.17746478873239435,-0.04577464788732377,0.5634,5.0,3.0986,0.2817,3.3803,17.7465,-4.5775
early_oi,2026-09-01 08:15,AUCTIONUSDT,AUCTION,AUCTIONUSDT,3.486,11.034235,1.902138,1.996968,0.025898,-0.081373,0.0008943331167634572,1.7903694096848484,-0.016064257028112428,-0.02409638554216864,-0.010040160642570295,-0.03442340791738385,-0.06655192197360882,0.14744693057946057,-0.10929432013769369,-1.6064,-2.4096,-1.004,-3.4423,-6.6552,14.7447,-10.9294
early_oi,2026-09-24 08:15,AUCTIONUSDT,AUCTION,AUCTIONUSDT,3.815,99.422464,0.255893,0.319511,0.029412,-0.034896,0.031278233938261346,3.7645731364994663,-0.008387942332896414,-0.01782437745740495,-0.010484927916120546,0.0,0.007601572739187379,0.03512450851900395,-0.06002621231979033,-0.8388,-1.7824,-1.0485,0.0,0.7602,3.5125,-6.0026
early_oi,2026-09-14 13:15,AVAUSDT,AVA,AVAUSDT,0.1772,14.53076,1.401841,2.196369,0.01431,-0.126937,0.025889950174440512,1.3684435738459928,0.0016930022573362624,-0.0028216704288939187,-0.011286681715575675,-0.026523702031602814,-0.05191873589164775,0.8735891647855532,-0.1489841986455982,0.1693,-0.2822,-1.1287,-2.6524,-5.1919,87.3589,-14.8984
early_oi,2026-09-17 10:00,AVAUSDT,AVA,AVAUSDT,0.1947,388.605825,2.01056,1.9773,0.243295,-0.013854,0.3637624776699162,51.13781857951366,-0.00924499229583986,-0.014381099126861918,-0.09809964047252184,0.26245505906522837,0.41859270672829996,0.7051874678993324,-0.12480739599383672,-0.9245,-1.4381,-9.81,26.2455,41.8593,70.5187,-12.4807
early_oi,2026-09-27 15:30,AVAXUSDT,AVAX,AVAXUSDT,11.139,15.687109,1.604592,1.179487,0.016332,0.026409,0.04874856642971226,14.544876231084968,0.002513690636502419,0.0020648173085555666,-0.002962563964449161,-0.014363946494299284,-0.06275249124697013,0.07801418439716312,-0.08923601759583444,0.2514,0.2065,-0.2963,-1.4364,-6.2752,7.8014,-8.9236
early_oi,2026-09-28 10:30,AVNTUSDT,AVNT,AVNTUSDT,0.1319,11.479112,2.652128,1.000422,0.029664,0.001564,0.022275701048461105,5.396374197936752,0.022744503411675554,0.021228203184230354,0.023502653525398154,-0.06520090978013637,-0.09325246398786957,0.04624715693707371,-0.09780136467020462,2.2745,2.1228,2.3503,-6.5201,-9.3252,4.6247,-9.7801
early_oi,2026-09-14 16:30,AWEUSDT,AWE,AWEUSDT,0.06084,10.630344,0.119611,0.089072,0.010799,0.011427,0.023992839394435528,8.106894128862345,-0.0037804076265615105,-0.002136752136752129,-0.007725180802103826,0.0018080210387902973,0.018408941485864583,0.2654503616042079,-0.010026298487836982,-0.378,-0.2137,-0.7725,0.1808,1.8409,26.545,-1.0026
early_oi,2026-09-15 14:15,AWEUSDT,AWE,AWEUSDT,0.06324,15.197689,2.065819,0.572732,0.02413,0.028824,0.0942220467931314,25.825639440788837,-0.0064832384566730905,0.001897533206830948,-0.006957621758380883,-0.004111321948134239,-0.01944971537001905,0.217425679949399,-0.03130929791271353,-0.6483,0.1898,-0.6958,-0.4111,-1.945,21.7426,-3.1309
early_oi,2026-09-23 23:15,AWEUSDT,AWE,AWEUSDT,0.06471,13.430102,2.711391,0.689582,0.024865,-0.000949,0.03171878980568432,12.363466867046256,-0.013135527739143948,-0.008653994745788984,-0.016380775768814804,-0.03183433781486644,-0.015299026425591222,0.18976974192551377,-0.03507958584453719,-1.3136,-0.8654,-1.6381,-3.1834,-1.5299,18.977,-3.508
early_oi,2026-09-26 12:15,AWEUSDT,AWE,AWEUSDT,0.06821,13.164992,1.438606,0.934998,0.016997,0.03137,0.02597034329611847,10.016855554548641,0.005864242779651141,0.02800175927283388,0.01451400087963628,0.012168303767776001,0.07564873185749876,0.12872012901334107,-0.057469579240580604,0.5864,2.8002,1.4514,1.2168,7.5649,12.872,-5.747
early_oi,2026-09-26 18:45,AWEUSDT,AWE,AWEUSDT,0.06991,12.619478,0.939213,1.726492,0.011283,0.058652,0.016875763911408992,4.599297290484635,-0.003862108425118138,0.027893005292518813,0.011443284222571792,0.02016878844228276,0.040194535831783895,0.1012730653697611,-0.08038907166356746,-0.3862,2.7893,1.1443,2.0169,4.0195,10.1273,-8.0389
early_oi,2026-09-26 21:45,AWEUSDT,AWE,AWEUSDT,0.07105,10.891004,1.43647,1.705274,0.014276,0.069792,0.025820767229997488,1.5534905053114103,0.002533427163968982,0.0005629838142153787,0.003800140745953362,-0.011541168191414486,-0.016045038705137293,0.08360309641097818,-0.09514426460239267,0.2533,0.0563,0.38,-1.1541,-1.6045,8.3603,-9.5144
early_oi,2026-09-27 11:00,AWEUSDT,AWE,AWEUSDT,0.07206,23.94928,0.625202,0.998461,0.032822,0.039327,0.03374537444831538,10.091768392620143,0.00027754648903699497,0.007910074937552025,0.0005550929780737679,0.023313905079100694,-0.06106022758812102,0.06841520954759939,-0.1078268109908409,0.0278,0.791,0.0555,2.3314,-6.106,6.8415,-10.7827
early_oi,2026-09-27 12:15,AWEUSDT,AWE,AWEUSDT,0.07337,23.000579,2.91067,1.646963,0.017614,0.074996,0.03435777100058113,10.60745974606843,-0.0021807278179093448,0.01826359547498968,0.012402889464358635,0.0014992503748125774,-0.08777429467084641,0.04933896688019623,-0.12375630366634871,-0.2181,1.8264,1.2403,0.1499,-8.7774,4.9339,-12.3756
early_oi,2026-09-19 08:15,AXSUSDT,AXS,AXSUSDT,1.032,28.071878,0.628021,0.479803,0.011765,0.073684,0.014666063996576106,7.154312712581715,-0.009689922480620172,-0.005813953488372103,-0.009689922480620172,-0.011627906976744207,-0.006782945736434232,0.2674418604651163,-0.054263565891472965,-0.969,-0.5814,-0.969,-1.1628,-0.6783,26.7442,-5.4264
early_oi,2026-09-26 17:00,AXSUSDT,AXS,AXSUSDT,1.21,12.759503,2.027524,2.215405,0.017662,0.017979,0.0034570271804472696,1.4904492512594771,-0.00991735537190086,-0.006611570247933907,-0.007438016528925506,-0.027272727272727226,-0.025619834710743694,0.08099173553719008,-0.10578512396694206,-0.9917,-0.6612,-0.7438,-2.7273,-2.562,8.0992,-10.5785
early_oi,2026-10-02 15:15,AXSUSDT,AXS,AXSUSDT,1.192,34.766444,0.761399,0.857314,0.035621,-0.003463,0.005142816076100898,2.001772663622012,0.014261744966443057,0.020973154362416313,0.02181208053691286,0.041107382550335636,,0.09731543624161088,-0.03439597315436238,1.4262,2.0973,2.1812,4.1107,,9.7315,-3.4396
early_oi,2026-09-18 08:15,BABYUSDT,BABY,BABYUSDT,0.0118,19.586971,0.04969,0.024267,0.077626,0.019553,0.217988964625476,24.96005472500516,0.06355932203389836,0.057627118644067776,0.011016949152542255,-0.0567796610169492,-0.023728813559321993,0.24152542372881358,-0.06101694915254241,6.3559,5.7627,1.1017,-5.678,-2.3729,24.1525,-6.1017
early_oi,2026-09-25 21:15,BABYUSDT,BABY,BABYUSDT,0.01308,22.949892,1.068993,1.332659,0.011601,0.01811,0.014057730400736768,1.9995115100673553,0.003058103975535076,-0.002293577981651307,-0.012996941896024516,0.01681957186544336,0.07492354740061158,0.12003058103975528,-0.032110091743119296,0.3058,-0.2294,-1.2997,1.682,7.4924,12.0031,-3.211
early_oi,2026-09-26 01:15,BANANAS31USDT,BANANAS31,BANANAS31USDT,0.008416,10.247231,1.105307,0.998728,0.032258,-0.004518,0.010342129022360425,3.9221932915732736,-0.014971482889733712,-0.011406844106463976,-0.016753802281368912,-0.03719106463878319,-0.04443916349809873,0.0020199619771863464,-0.155893536121673,-1.4971,-1.1407,-1.6754,-3.7191,-4.4439,0.202,-15.5894
early_oi,2026-09-18 12:15,BANANAUSDT,BANANA,BANANAUSDT,3.973,25.549156,0.25345,0.072783,0.018718,0.044736,0.13726081652539213,6.8282874461686545,0.0037754845205135723,-0.0005033979360684615,0.018625723634533076,0.02340800402718357,0.024163100931286152,0.13843443241882714,-0.024163100931286152,0.3775,-0.0503,1.8626,2.3408,2.4163,13.8434,-2.4163
early_oi,2026-09-20 06:30,BANDUSDT,BAND,BANDUSDT,0.2132,27.364866,1.203864,1.065169,0.041016,0.023488,0.10780778383095213,40.4574592962452,0.015478424015009429,0.029549718574108708,0.016885553470919357,-0.009849906191369606,-0.039868667917448475,0.11022514071294554,-0.06801125703564737,1.5478,2.955,1.6886,-0.985,-3.9869,11.0225,-6.8011
early_oi,2026-09-21 23:15,BANDUSDT,BAND,BANDUSDT,0.2175,45.782467,0.816391,1.327853,0.030806,0.061368,0.05103176344102023,2.369487017618281,-0.020229885057471253,-0.008735632183907938,-0.0193103448275862,-0.029885057471264354,-0.010114942528735682,0.08827586206896543,-0.044137931034482714,-2.023,-0.8736,-1.931,-2.9885,-1.0115,8.8276,-4.4138
early_oi,2026-09-27 23:45,BATUSDT,BAT,BATUSDT,0.0965,19.21098,1.894825,1.454597,0.013655,0.006342,0.005980792783505162,1.803857324712698,-0.007253886010362809,0.006217616580310947,-0.0010362694300518616,-0.007253886010362809,-0.06735751295336789,0.10155440414507777,-0.09430051813471496,-0.7254,0.6218,-0.1036,-0.7254,-6.7358,10.1554,-9.4301
early_oi,2026-09-14 21:30,BBUSDT,BB,BBUSDT,0.00845,11.826876,1.80728,1.902769,0.014406,0.030941,0.0024276162763434694,2.866132101553013,0.002366863905325589,-0.002366863905325367,0.005917159763313862,-0.026035502958579815,-0.04970414201183415,0.3562130177514793,-0.11834319526627213,0.2367,-0.2367,0.5917,-2.6036,-4.9704,35.6213,-11.8343
early_oi,2026-09-24 14:15,BBUSDT,BB,BBUSDT,0.0099,11.294102,1.509824,0.784324,0.023785,0.003112,0.027020374370680944,3.7340725411715243,0.01414141414141401,-0.0010101010101011276,-0.011111111111111183,-0.023232323232323382,0.028282828282828243,0.15757575757575748,-0.10808080808080822,1.4141,-0.101,-1.1111,-2.3232,2.8283,15.7576,-10.8081
early_oi,2026-09-17 22:15,BCHUSDT,BCH,BCHUSDT,232.6,10.20852,0.81788,0.422946,0.021968,0.044516,0.051433210015279895,7.127547608882117,0.02751504729148757,0.010748065348237246,-0.002579535683576939,-0.0034393809114359186,0.0872742906276871,0.5752364574376612,-0.006878761822871837,2.7515,1.0748,-0.258,-0.3439,8.7274,57.5236,-0.6879
early_oi,2026-09-22 20:45,BCHUSDT,BCH,BCHUSDT,296.9,138.5017,1.87841,2.711376,0.099223,0.001855,0.32191863552961797,44.60739969994325,0.0421017177500842,0.07308858201414625,0.06635230717413276,0.09127652408218268,0.1711013809363422,0.2340855506904682,-0.009767598518019449,4.2102,7.3089,6.6352,9.1277,17.1101,23.4086,-0.9768
early_oi,2026-09-27 14:15,BCHUSDT,BCH,BCHUSDT,341.9,22.376671,0.957349,0.897003,0.029509,-0.012782,0.028760421914618473,2.5344106725159077,-0.0020473822755191495,-0.0017548990933020647,0.0023398654577362343,-0.002632348639953097,-0.09417958467388121,0.016964024568587366,-0.1339572974553962,-0.2047,-0.1755,0.234,-0.2632,-9.418,1.6964,-13.3957
early_oi,2026-10-01 00:15,BEAMXUSDT,BEAMX,BEAMXUSDT,0.00205,39.95152,1.928432,1.655297,0.035877,-0.042574,0.003880071420932163,3.0419900090015166,-0.016585365853658662,-0.016585365853658662,-0.033170731707317214,-0.044878048780487845,-0.04195121951219516,0.08585365853658522,-0.05317073170731712,-1.6585,-1.6585,-3.3171,-4.4878,-4.1951,8.5854,-5.3171
early_oi,2026-09-21 12:00,BERAUSDT,BERA,BERAUSDT,0.2279,30.652049,0.570012,0.835116,0.045893,0.044082,0.05147554137150312,9.41807235330958,0.00745941202281708,-0.017112768758227204,-0.023255813953488413,-0.024572180781044284,0.01316366827555937,0.17595436594997826,-0.09082931110136028,0.7459,-1.7113,-2.3256,-2.4572,1.3164,17.5954,-9.0829
early_oi,2026-09-05 00:00,BIGTIMEUSDT,BIGTIME,BIGTIMEUSDT,0.00656,10.423801,0.173864,0.424591,0.012346,-0.035714,0.015758643943849293,4.499485832603896,0.004573170731707377,0.004573170731707377,0.004573170731707377,-0.0015243902439023849,0.027439024390244038,0.5807926829268295,-0.010670731707317027,0.4573,0.4573,0.4573,-0.1524,2.7439,58.0793,-1.0671
early_oi,2026-09-07 08:15,BIGTIMEUSDT,BIGTIME,BIGTIMEUSDT,0.00714,27.236929,0.492353,0.216151,0.02439,0.020498,0.01310375123747809,5.07194411341071,0.015406162464986162,0.021008403361344463,-0.0028011204481792618,0.018207282913165423,0.0126050420168069,0.45238095238095255,-0.09103641456582623,1.5406,2.1008,-0.2801,1.8207,1.2605,45.2381,-9.1036
early_oi,2026-09-23 10:30,BIGTIMEUSDT,BIGTIME,BIGTIMEUSDT,0.00858,15.939095,0.486745,0.678976,0.014184,0.022975,0.005470659906085418,2.8616053858273074,0.004662004662004504,0.00932400932400923,0.01631701631701632,0.023310023310023187,-0.06293706293706303,0.2086247086247086,-0.08508158508158525,0.4662,0.9324,1.6317,2.331,-6.2937,20.8625,-8.5082
early_oi,2026-09-25 12:45,BIGTIMEUSDT,BIGTIME,BIGTIMEUSDT,0.00874,15.512259,0.649498,0.980056,0.017462,0.057882,0.0077254766555572285,1.1662436600724921,-0.009153318077803174,-0.010297482837528626,-0.010297482837528626,-0.0011441647597253413,0.02517162471395884,0.1864988558352405,-0.0366132723112127,-0.9153,-1.0297,-1.0297,-0.1144,2.5172,18.6499,-3.6613
early_oi,2026-09-19 19:30,BIOUSDT,BIO,BIOUSDT,0.02855,13.074896,0.770904,0.417878,0.039694,0.035445,0.047123417514817856,11.623619361937843,-0.0017513134851138146,-0.004203152364273155,-0.014010507880910628,-0.007355516637478021,-0.0630472854640981,0.20385288966725046,-0.07180385288966729,-0.1751,-0.4203,-1.4011,-0.7356,-6.3047,20.3853,-7.1804
early_oi,2026-09-29 18:00,BIOUSDT,BIO,BIOUSDT,0.03205,10.467164,2.92301,1.101126,0.021677,0.070283,0.01753928508199576,1.9214042103530087,-0.012168486739469575,-0.01778471138845561,-0.021840873634945357,-0.019656786271451065,-0.019656786271451065,0.03244929797191887,-0.08268330733229334,-1.2168,-1.7785,-2.1841,-1.9657,-1.9657,3.2449,-8.2683
early_oi,2026-09-03 22:30,BOMEUSDT,BOME,BOMEUSDT,0.000886,10.501097,0.667326,0.607479,0.012566,-0.024733,0.006690205234333613,2.608783281695169,0.017937725631768986,0.060130866425992746,0.030009025270758105,0.04490072202166062,-0.07423285198555951,0.41019855595667876,-0.12150270758122739,1.7938,6.0131,3.0009,4.4901,-7.4233,41.0199,-12.1503
early_oi,2026-09-20 01:15,BOMEUSDT,BOME,BOMEUSDT,0.001051,12.341228,1.063019,0.593301,0.060087,0.008336,0.04655976407640883,10.583008662748323,-0.050499286733238224,-0.05706134094151205,-0.07579648121730853,-0.10565858297669994,-0.11440798858773171,0.18877793628150275,-0.15397051830718012,-5.0499,-5.7061,-7.5796,-10.5659,-11.4408,18.8778,-15.3971
early_oi,2026-09-24 13:30,BOMEUSDT,BOME,BOMEUSDT,0.00118,12.64501,0.99411,0.927975,0.010707,0.031269,0.06249495865001853,2.4800413060041677,0.015677966101694807,0.0068644067796610475,0.04220338983050853,-0.057288135593220435,-0.135,0.05932203389830515,-0.2163559322033899,1.5678,0.6864,4.2203,-5.7288,-13.5,5.9322,-21.6356
early_oi,2026-09-21 16:30,BONKUSDT,BONK,1000BONKUSDT,3e-06,12.880412,0.627194,0.84387,0.02589,0.036913,0.021791955892270565,3.246421554410526,0.0,0.0,0.04416403785488954,0.034700315457413256,0.0757097791798107,0.32492113564668745,-0.006309148264984299,0.0,0.0,4.4164,3.47,7.571,32.4921,-0.6309
early_oi,2026-09-29 21:15,BONKUSDT,BONK,1000BONKUSDT,4e-06,21.976351,1.593999,0.79859,0.048387,0.050847,0.06783317823001744,10.651408231732411,-0.015384615384615441,-0.023076923076923106,-0.038461538461538436,-0.07692307692307698,0.02051282051282044,0.03589743589743599,-0.09487179487179487,-1.5385,-2.3077,-3.8462,-7.6923,2.0513,3.5897,-9.4872
early_oi,2026-09-21 18:15,BROCCOLI714USDT,BROCCOLI714,BROCCOLI714USDT,0.02046,13.410114,2.847836,0.996115,0.041752,0.077936,0.06451012398708,5.09031611291375,0.0029325513196480912,-0.014662756598240345,0.0058651026392961825,-0.009286412512218956,0.14027370478983392,0.7067448680351907,-0.02590420332355814,0.2933,-1.4663,0.5865,-0.9286,14.0274,70.6745,-2.5904
early_oi,2026-09-30 20:45,BTCUSDT,BTC,BTCUSDT,84828.16,16.069731,0.854711,0.905917,0.010586,-0.003139,0.015698388168893018,9.370588265843134,0.0054481907894736725,0.006677145891175851,-0.0036863937635804866,-0.00556595828555051,-0.010918072489135677,0.028196297078705967,-0.019358665801545216,0.5448,0.6677,-0.3686,-0.5566,-1.0918,2.8196,-1.9359
early_oi,2026-09-05 21:45,C98USDT,C98,C98USDT,0.01521,15.598026,0.921316,0.460578,0.019437,0.041899,0.05400319389208219,9.25931221302364,-0.014464168310322156,-0.01512163050624582,-0.005259697567389865,-0.006574621959237303,-0.020381328073635685,0.21630506245890868,-0.14464168310322145,-1.4464,-1.5122,-0.526,-0.6575,-2.0381,21.6305,-14.4642
early_oi,2026-09-27 12:00,C98USDT,C98,C98USDT,0.01742,11.015086,1.541432,1.494147,0.018118,0.066708,0.049023921729244746,5.978330553000021,-0.004592422502870286,-0.013777267508610858,-0.017795637198622316,-0.014925373134328401,-0.07864523536165346,0.0040183696900113475,-0.11768082663605062,-0.4592,-1.3777,-1.7796,-1.4925,-7.8645,0.4018,-11.7681
early_oi,2026-09-08 12:45,CAKEUSDT,CAKE,CAKEUSDT,2.288,20.277455,1.522205,1.217188,0.013286,0.02917,0.03191960278394346,2.9635484181577616,-0.007430069930069894,0.001311188811188968,0.012674825174825433,0.04676573426573438,-0.001311188811188635,0.25131118881118897,-0.09527972027972031,-0.743,0.1311,1.2675,4.6766,-0.1311,25.1311,-9.528
early_oi,2026-09-09 17:00,CAKEUSDT,CAKE,CAKEUSDT,2.324,12.469457,1.522961,1.648888,0.011314,-0.040501,0.018376118638378847,3.458211636853401,-0.005163511187607606,-0.005593803786574814,-0.018072289156626398,-0.011187607573149627,-0.06067125645438898,0.2319277108433735,-0.10929432013769369,-0.5164,-0.5594,-1.8072,-1.1188,-6.0671,23.1928,-10.9294
early_oi,2026-09-14 03:00,CAKEUSDT,CAKE,CAKEUSDT,2.261,20.683522,0.333476,0.596968,0.02354,-0.000452,0.018444065743025373,5.322639517154452,0.0070765148164528835,0.0035382574082265528,0.0026536930561698036,-0.01459531180893403,0.051747014595311835,0.2662538699690402,-0.04511278195488733,0.7077,0.3538,0.2654,-1.4595,5.1747,26.6254,-4.5113
early_oi,2026-09-20 14:15,CAKEUSDT,CAKE,CAKEUSDT,2.422,49.646805,1.465329,1.904038,0.043066,-0.036515,0.13218765051477388,25.25178862304985,0.016102394715111323,0.008257638315441795,-0.00206440957886056,0.012386457473162693,0.04087530966143671,0.18208092485549132,-0.024772914946325386,1.6102,0.8258,-0.2064,1.2386,4.0875,18.2081,-2.4773
early_oi,2026-09-21 02:30,CAKEUSDT,CAKE,CAKEUSDT,2.526,11.024365,1.472162,2.08861,0.018959,0.037673,0.017393870344495133,2.4035687459987214,-0.00039588281868563335,-0.007521773555027589,-0.005146476642913678,0.010292953285827577,0.009501187648456089,0.13341250989707065,-0.02889944576405379,-0.0396,-0.7522,-0.5146,1.0293,0.9501,13.3413,-2.8899
early_oi,2026-09-23 09:30,CAKEUSDT,CAKE,CAKEUSDT,2.677,34.598583,1.78588,1.641181,0.031997,0.027327,0.02892501179551199,4.6604384898227185,0.0018677624206200338,0.005229734777736139,-0.0044826298094882144,-0.0014942099364960715,-0.02726933134105336,0.06948076204706766,-0.08367575644378045,0.1868,0.523,-0.4483,-0.1494,-2.7269,6.9481,-8.3676
early_oi,2026-09-24 08:45,CAKEUSDT,CAKE,CAKEUSDT,2.615,11.120649,0.9573,0.451757,0.010823,0.000774,0.04675918948702318,3.8477090064168817,-0.00841300191204597,-0.006118546845124251,-0.003059273422562181,0.0034416826003824674,0.04780114722753348,0.09483747609942639,-0.061950286806883526,-0.8413,-0.6119,-0.3059,0.3442,4.7801,9.4837,-6.195
early_oi,2026-09-25 19:45,CAKEUSDT,CAKE,CAKEUSDT,2.773,14.506927,1.973744,1.445558,0.015379,0.02515,0.02520084402051248,4.015404330931561,0.021637216011539895,0.022719076812116823,0.011900468806346876,-0.005048683736026072,0.011900468806346876,0.03245582401730962,-0.11539848539487929,2.1637,2.2719,1.19,-0.5049,1.19,3.2456,-11.5398
early_oi,2026-09-04 23:45,CATIUSDT,CATI,CATIUSDT,0.06278,12.429831,0.905157,1.160121,0.062987,-0.11441,0.0782698502185526,7.952982801593061,0.008123606244026638,0.002867155144950617,0.02468939152596361,0.0052564510990760205,-0.19576298184135077,0.19464797706275871,-0.2771583306785601,0.8124,0.2867,2.4689,0.5256,-19.5763,19.4648,-27.7158
early_oi,2026-09-05 02:30,CELRUSDT,CELR,CELRUSDT,0.00229,14.022714,0.768571,0.721679,0.020954,-0.007522,0.036631181854742234,25.34965559145248,-0.0030567685589519833,-0.007860262008733576,-0.010043668122270755,-0.01834061135371179,-0.0013100436681222627,1.2707423580786026,-0.13842794759825328,-0.3057,-0.786,-1.0044,-1.8341,-0.131,127.0742,-13.8428
early_oi,2026-09-29 21:15,CELRUSDT,CELR,CELRUSDT,0.003141,13.483684,0.84241,1.251767,0.019805,0.021898,0.010391359688635138,3.194940250644311,0.0012734797835083356,-0.0009551098376313627,0.0022285896211398093,-0.016555237185609695,-0.011461318051575908,0.014326647564469885,-0.05953517987901946,0.1273,-0.0955,0.2229,-1.6555,-1.1461,1.4327,-5.9535
early_oi,2026-09-23 15:00,CETUSUSDT,CETUS,CETUSUSDT,0.02805,42.304553,1.240086,1.164057,0.05929,-0.007868,0.09903238463366293,19.091299825933344,-0.0032085561497325887,0.0039215686274509665,0.021033868092691588,0.00891265597147961,-0.03208556149732611,0.12834224598930488,-0.13297682709447411,-0.3209,0.3922,2.1034,0.8913,-3.2086,12.8342,-13.2977
early_oi,2026-09-25 09:00,CETUSUSDT,CETUS,CETUSUSDT,0.02868,10.505836,0.832559,0.510503,0.052863,0.046887,0.06126515541068045,7.559684952279137,-0.014993026499302675,-0.019177126917712783,-0.03138075313807531,-0.026150627615062816,0.025801952580195353,0.10355648535564832,-0.0767085076708508,-1.4993,-1.9177,-3.1381,-2.6151,2.5802,10.3556,-7.6709
early_oi,2026-09-25 14:30,CETUSUSDT,CETUS,CETUSUSDT,0.02881,17.663208,1.191108,1.340772,0.024538,0.036873,0.024965949266865683,1.9250500012685825,-0.017007983339118238,-0.018396390142311647,-0.03713988198542162,-0.014231169732731641,0.007983339118361688,0.09857688302672685,-0.08087469628601174,-1.7008,-1.8396,-3.714,-1.4231,0.7983,9.8577,-8.0875
early_oi,2026-09-21 00:30,CFGUSDT,CFG,CFGUSDT,0.13,12.297749,0.948404,1.060311,0.045857,-0.022799,0.03250743294126224,4.536581111459848,0.03923076923076918,0.05230769230769239,0.03846153846153855,0.06384615384615389,0.0707692307692307,0.36076923076923073,0.0007692307692306333,3.9231,5.2308,3.8462,6.3846,7.0769,36.0769,0.0769
early_oi,2026-09-13 09:00,CFXUSDT,CFX,CFXUSDT,0.04823,11.075663,0.344219,0.209766,0.017081,0.00658,0.020117128502077142,9.459025456648488,0.008500933029234936,0.009330292349160274,0.0031100974497200173,0.012233049968898957,-0.03255235330707029,0.1992535766120671,-0.10118183703089367,0.8501,0.933,0.311,1.2233,-3.2552,19.9254,-10.1182
early_oi,2026-09-03 10:15,CGPTUSDT,CGPT,CGPTUSDT,0.01922,13.279298,0.240249,0.303454,0.010515,0.002636,0.005742892254449128,1.8220411306225843,0.01716961498439118,0.008844953173777315,0.01768990634755463,0.006763787721123737,0.03902185223725296,0.28303850156087407,-0.0718002081165452,1.717,0.8845,1.769,0.6764,3.9022,28.3039,-7.18
early_oi,2026-09-27 00:45,CGPTUSDT,CGPT,CGPTUSDT,0.02307,11.584844,1.853251,1.21978,0.010955,0.029319,0.014142404496535033,4.4831051505945965,0.00910273081924573,0.006501950585175553,0.010836584308625996,-0.035110533159948054,-0.01603814477676635,0.06892067620286091,-0.10186389250108374,0.9103,0.6502,1.0837,-3.5111,-1.6038,6.8921,-10.1864
early_oi,2026-10-01 07:30,CGPTUSDT,CGPT,CGPTUSDT,0.02336,12.020588,1.610804,1.479645,0.01477,0.078725,0.015318173117982115,3.9934278392763627,0.0029965753424658903,0.0012842465753426513,0.0012842465753426513,-0.025256849315068552,-0.042380136986301276,0.055650684931507044,-0.09460616438356162,0.2997,0.1284,0.1284,-2.5257,-4.238,5.5651,-9.4606
early_oi,2026-09-22 22:15,CHRUSDT,CHR,CHRUSDT,0.01874,20.017949,1.119261,0.914996,0.037078,0.039701,0.09880548649972032,11.60497391411001,0.005869797225186657,0.0245464247598719,0.011739594450373536,0.2972251867662752,0.05442902881536815,0.41408751334044824,-0.01227321237993606,0.587,2.4546,1.174,29.7225,5.4429,41.4088,-1.2273
early_oi,2026-09-24 09:45,CHRUSDT,CHR,CHRUSDT,0.0217,24.179103,1.852953,1.518234,0.042267,-0.020235,0.022133515358405242,2.1598125868047213,-0.0009216589861750224,-0.0018433179723502668,-0.010599078341013923,0.015668202764977046,-0.02580645161290329,0.10599078341013835,-0.05483870967741933,-0.0922,-0.1843,-1.0599,1.5668,-2.5806,10.5991,-5.4839
early_oi,2026-10-02 08:15,CKBUSDT,CKB,CKBUSDT,0.001381,265.522152,0.353211,0.740699,0.057427,-0.008352,0.05427320239256117,25.433807494270756,-0.038377986965966726,-0.049239681390297,-0.057929036929761035,-0.05648081100651714,-0.05503258508327302,0.008689355539464039,-0.1013758146270819,-3.8378,-4.924,-5.7929,-5.6481,-5.5033,0.8689,-10.1376
early_oi,2026-09-03 12:00,COMPUSDT,COMP,COMPUSDT,19.88,11.359917,0.206791,0.505248,0.022634,0.027484,0.019962829502842006,5.760587696439985,0.00653923541247492,0.007042253521126751,0.014587525150905556,0.041750503018108676,0.0,0.3596579476861168,-0.06589537223340036,0.6539,0.7042,1.4588,4.1751,0.0,35.9658,-6.5895
early_oi,2026-09-19 12:15,COMPUSDT,COMP,COMPUSDT,21.48,11.822978,1.249644,0.865991,0.01273,0.055224,0.02877395071810751,12.80963351313737,-0.0018621973929235924,-0.018156424581005637,-0.01582867783985098,-0.02700186219739298,0.005586592178770999,0.2583798882681565,-0.0442271880819366,-0.1862,-1.8156,-1.5829,-2.7002,0.5587,25.838,-4.4227
early_oi,2026-09-24 08:15,COMPUSDT,COMP,COMPUSDT,22.14,268.218406,0.107051,0.463761,0.015131,-0.064751,0.0576127672875788,3.2160521222312477,0.015808491418247472,0.0013550135501354532,0.008581752484191352,0.04019873532068652,0.08265582655826553,0.22086720867208665,-0.0018066847335139746,1.5808,0.1355,0.8582,4.0199,8.2656,22.0867,-0.1807
early_oi,2026-09-17 02:00,COTIUSDT,COTI,COTIUSDT,0.01868,16.626661,1.006924,0.622876,0.040089,0.068412,0.05717780452296606,6.463537042223872,0.031584582441113396,-0.012312633832976316,-0.07441113490364015,-0.06798715203426131,0.10813704496788024,0.4320128479657388,-0.33351177730192716,3.1585,-1.2313,-7.4411,-6.7987,10.8137,43.2013,-33.3512
early_oi,2026-09-02 15:00,COWUSDT,COW,COWUSDT,0.1288,10.380001,0.218181,0.242137,0.028754,0.017886,0.0368945826387197,12.130565351716587,0.0007763975155279379,-0.01863354037267073,-0.01086956521739113,-0.02717391304347827,-0.014751552795030931,0.3944099378881989,-0.03881987577639756,0.0776,-1.8634,-1.087,-2.7174,-1.4752,39.441,-3.882
early_oi,2026-09-27 08:15,COWUSDT,COW,COWUSDT,0.167,217.755,0.199855,0.103673,0.082307,0.016469,0.12924018090079836,11.584032696274894,0.01856287425149694,0.03952095808383227,0.03233532934131733,-0.007185628742515049,-0.048502994011976,0.07544910179640718,-0.1107784431137725,1.8563,3.9521,3.2335,-0.7186,-4.8503,7.5449,-11.0778
early_oi,2026-09-07 10:30,CRVUSDT,CRV,CRVUSDT,0.3914,10.489222,1.326667,1.12517,0.017416,-0.009271,0.037797538373740114,4.119913504296608,0.0327031170158405,0.023760858456821632,-0.005876341338783897,-0.028104241185488044,-0.057485947879407306,0.06285130301481856,-0.23096576392437407,3.2703,2.3761,-0.5876,-2.8104,-5.7486,6.2851,-23.0966
early_oi,2026-09-29 07:30,CRVUSDT,CRV,CRVUSDT,0.3843,13.560226,1.565585,2.519329,0.038649,0.053531,0.03246306329345594,9.798943435730633,-0.0057246942492843456,-0.013010668748373533,-0.026021337496747177,0.006765547749154388,-0.0044236273744470145,0.08248763986468899,-0.07754358574030706,-0.5725,-1.3011,-2.6021,0.6766,-0.4424,8.2488,-7.7544
early_oi,2026-09-14 16:45,CTKUSDT,CTK,CTKUSDT,0.1211,13.077535,0.786041,0.733409,0.025402,0.038698,0.05066113375929748,14.085266419432962,0.02146985962014858,0.014037985136251097,0.009083402146985886,-0.014863748967795187,0.029727497935590375,0.147811725846408,-0.028075970272502082,2.147,1.4038,0.9083,-1.4864,2.9727,14.7812,-2.8076
early_oi,2026-09-15 16:15,CTKUSDT,CTK,CTKUSDT,0.1255,18.525604,0.657219,0.966884,0.010467,0.049873,0.00862486727832068,1.9777512830866166,-0.011155378486055745,-0.0063745019920318224,-0.003984063745019917,-0.03745019920318726,-0.055776892430278946,0.10756972111553798,-0.06215139442231077,-1.1155,-0.6375,-0.3984,-3.745,-5.5777,10.757,-6.2151
early_oi,2026-09-13 20:45,CTSIUSDT,CTSI,CTSIUSDT,0.02614,35.922809,0.300864,0.3522,0.027516,0.046914,0.03481371025246571,26.003833175051557,0.1293037490436113,0.029074215761285327,0.035577658760520325,-0.054705432287681766,-0.03596021423106355,0.37299158377964803,-0.10099464422341242,12.9304,2.9074,3.5578,-5.4705,-3.596,37.2992,-10.0995
early_oi,2026-09-18 23:15,CUSDT,C,CUSDT,0.0607,20.195151,2.363422,1.749312,0.025338,0.053381,0.026762565252239634,24.643041231568414,0.021416803953871577,0.05107084019769359,0.38714991762767714,0.1301482701812191,0.12520593080724884,0.6046128500823724,-0.013179571663920808,2.1417,5.1071,38.715,13.0148,12.5206,60.4613,-1.318
early_oi,2026-09-13 08:15,CVCUSDT,CVC,CVCUSDT,0.02374,66.273465,1.012739,0.566122,0.041685,0.068949,0.07230145983759262,13.219181225644496,0.010530749789384952,0.02232518955349616,0.04465037910699232,0.07371524852569489,0.3239258635214828,1.1457455770850884,-0.028222409435551876,1.0531,2.2325,4.465,7.3715,32.3926,114.5746,-2.8222
early_oi,2026-09-27 15:45,CVXUSDT,CVX,CVXUSDT,2.089,12.968377,0.821073,0.433998,0.010643,0.0,0.06105596042836692,18.289891821553127,0.018190521780756308,0.015797032072762063,0.011967448539971226,0.023456199138343736,-0.03733843944471027,0.14791766395404515,-0.05313547151747244,1.8191,1.5797,1.1967,2.3456,-3.7338,14.7918,-5.3135
early_oi,2026-09-28 06:15,CVXUSDT,CVX,CVXUSDT,2.194,25.532387,1.357097,0.854884,0.019517,0.060099,0.04680968268597585,5.469677309398521,0.020054694621695512,0.017319963536919003,0.010938924339106704,-0.01823154056517773,-0.012762078395624488,0.09298085688240665,-0.09845031905195989,2.0055,1.732,1.0939,-1.8232,-1.2762,9.2981,-9.845
early_oi,2026-10-02 10:15,CVXUSDT,CVX,CVXUSDT,2.218,31.440612,0.256893,0.456188,0.041315,-0.020239,0.0525732135716277,8.635043116502723,0.015779981965734935,0.035166816952209023,0.045536519386834895,0.05500450856627581,0.01217312894499556,0.07935076645626693,-0.01938683498647442,1.578,3.5167,4.5537,5.5005,1.2173,7.9351,-1.9387
early_oi,2026-09-23 01:15,CYBERUSDT,CYBER,CYBERUSDT,0.343,17.488147,2.543062,1.391592,0.023881,0.012085,0.09507347755086659,26.82482362301319,0.02623906705539336,0.023323615160349753,0.03498542274052463,0.0437317784256559,-0.017492711370262426,0.09329446064139924,-0.1282798833819243,2.6239,2.3324,3.4985,4.3732,-1.7493,9.3294,-12.828
early_oi,2026-10-01 08:15,CYBERUSDT,CYBER,CYBERUSDT,0.333,225.823259,1.128139,1.998239,0.027778,0.0,0.07293254391051862,14.13257074051881,-0.01501501501501501,-0.01501501501501501,-0.03003003003003002,-0.027027027027027084,-0.042042042042042094,0.0030030030030030463,-0.10210210210210213,-1.5015,-1.5015,-3.003,-2.7027,-4.2042,0.3003,-10.2102
early_oi,2026-09-01 00:30,DASHUSDT,DASH,DASHUSDT,45.67,13.571972,2.230242,2.479197,0.029995,0.055966,0.04093876242371297,4.9198033918867035,0.015546310488285586,0.02430479527041829,0.028027151302824738,-0.006349901467046171,-0.03525290124808411,0.7227939566455004,-0.09984672651631277,1.5546,2.4305,2.8027,-0.635,-3.5253,72.2794,-9.9847
early_oi,2026-09-26 18:45,DASHUSDT,DASH,DASHUSDT,65.92,19.008105,1.963928,0.745153,0.026631,0.011181,0.021160013293025193,3.9259592793774063,-0.00030339805825241317,0.007584951456310662,0.01850728155339798,0.07569781553398047,0.07812499999999978,0.11711165048543681,-0.15989077669902907,-0.0303,0.7585,1.8507,7.5698,7.8125,11.7112,-15.9891
early_oi,2026-09-24 22:30,DOGEUSDT,DOGE,DOGEUSDT,0.09599,12.18855,1.98571,1.157738,0.017059,-0.020548,0.008391198729604143,3.031204024393292,-0.003958745702677402,-0.017814355662048142,-0.008750911553286889,0.003750390665694381,0.010521929367642402,0.040108344619231184,-0.059172830503177454,-0.3959,-1.7814,-0.8751,0.375,1.0522,4.0108,-5.9173
early_oi,2026-09-22 12:30,DOGSUSDT,DOGS,DOGSUSDT,5.2e-05,15.008646,0.352941,0.449009,0.020489,0.046814,0.020633432790974737,5.313435825780532,-0.01158301158301156,-0.02316602316602323,-0.037258687258687195,-0.0227799227799228,-0.009073359073359044,0.05212355212355213,-0.11505791505791496,-1.1583,-2.3166,-3.7259,-2.278,-0.9073,5.2124,-11.5058
early_oi,2026-09-27 09:30,DOGSUSDT,DOGS,DOGSUSDT,5.4e-05,18.476148,2.245804,0.616186,0.044857,0.064198,0.03727650677083205,6.3777968004327885,-0.013508512213175283,-0.02905255366395265,-0.04015544041450769,-0.04903774981495179,-0.04903774981495179,0.00851221317542561,-0.1517394522575869,-1.3509,-2.9053,-4.0155,-4.9038,-4.9038,0.8512,-15.1739
early_oi,2026-09-22 00:15,DOLOUSDT,DOLO,DOLOUSDT,0.02748,12.166718,0.429208,0.630785,0.031532,0.03376,0.10993914045143938,73.10245435470378,0.03966521106259102,0.046215429403202446,0.038937409024745184,0.00509461426491975,0.16157205240174655,0.2736535662299855,-0.021106259097525504,3.9665,4.6215,3.8937,0.5095,16.1572,27.3654,-2.1106
early_oi,2026-09-27 14:45,DOTUSDT,DOT,DOTUSDT,1.266,19.467442,1.026505,0.832578,0.020968,0.017227,0.016208262491346215,4.127918379224758,0.0007898894154816372,-0.003949447077409296,0.004739336492890933,-0.012638230647709303,-0.027646129541864073,0.012638230647709303,-0.10110584518167465,0.079,-0.3949,0.4739,-1.2638,-2.7646,1.2638,-10.1106
early_oi,2026-09-03 13:15,DUSKUSDT,DUSK,DUSKUSDT,0.0706,29.355268,0.304861,0.198302,0.032164,0.01034,0.10343534382805397,14.08297027154932,0.007082152974504208,-0.004249291784702458,0.015580736543909346,-0.007082152974504208,0.021246458923512845,0.41643059490085,-0.07648725212464591,0.7082,-0.4249,1.5581,-0.7082,2.1246,41.6431,-7.6487
early_oi,2026-09-22 23:15,DUSKUSDT,DUSK,DUSKUSDT,0.0891,10.128803,2.446523,1.612424,0.013652,0.012673,0.006038883205452761,2.551048569498284,0.001122334455667895,-0.001122334455667784,-0.02020202020202011,0.02020202020202011,0.013468013468013629,0.122334455667789,-0.09315375982042651,0.1122,-0.1122,-2.0202,2.0202,1.3468,12.2334,-9.3154
early_oi,2026-09-25 09:15,DUSKUSDT,DUSK,DUSKUSDT,0.0886,13.052638,0.358355,0.675824,0.020737,0.006961,0.0015455911521253807,1.1635244003548924,-0.011286681715575675,0.0011286681715576563,-0.013544018058690654,-0.033860045146726914,0.018058690744920947,0.12866817155756216,-0.08803611738148986,-1.1287,0.1129,-1.3544,-3.386,1.8059,12.8668,-8.8036
early_oi,2026-09-08 00:45,DYDXUSDT,DYDX,DYDXUSDT,0.12727,11.632625,0.713077,0.702118,0.029776,0.003084,0.05129124924164663,19.898651940966964,-0.018936120059715567,-0.020036143631649184,-0.030957806238705143,-0.032764987821167546,-0.030329221340457235,0.2434195018464682,-0.1997328514182447,-1.8936,-2.0036,-3.0958,-3.2765,-3.0329,24.342,-19.9733
early_oi,2026-09-11 05:45,DYMUSDT,DYM,DYMUSDT,0.01468,12.272414,1.626416,1.790611,0.01662,-0.008922,0.005527720057740826,1.8965651086415876,-0.01021798365122617,-0.01021798365122617,-0.02452316076294281,-0.021798365122615904,-0.033378746594005526,0.5088555858310626,-0.06335149863760214,-1.0218,-1.0218,-2.4523,-2.1798,-3.3379,50.8856,-6.3351
early_oi,2026-09-26 17:00,DYMUSDT,DYM,DYMUSDT,0.02152,13.1761,2.198715,1.740603,0.033622,0.046231,0.001782402376173442,1.0322734532798221,-0.01579925650557623,-0.019052044609665475,-0.009758364312267731,-0.03578066914498146,-0.042286245353159946,0.011152416356877248,-0.14451672862453535,-1.5799,-1.9052,-0.9758,-3.5781,-4.2286,1.1152,-14.4517
early_oi,2026-09-28 17:30,EDENUSDT,EDEN,EDENUSDT,0.06041,15.260681,1.105531,0.328201,0.011215,-0.047057,0.0001045029321995461,1.457961189751438,-0.007118026816752221,-0.01340837609667267,-0.009932130441979714,-0.02582353914914748,0.009766594934613515,0.11968217182585672,-0.09634166528720411,-0.7118,-1.3408,-0.9932,-2.5824,0.9767,11.9682,-9.6342
early_oi,2026-09-11 02:00,EIGENUSDT,EIGEN,EIGENUSDT,0.2205,16.357895,2.155882,1.441017,0.04206,-0.005172,0.08257791076647014,17.969126222269264,0.005442176870748439,-0.008163265306122436,0.006802721088435382,-0.024943310657596363,-0.013605442176870763,0.2961451247165532,-0.1569160997732426,0.5442,-0.8163,0.6803,-2.4943,-1.3605,29.6145,-15.6916
early_oi,2026-09-26 03:15,EIGENUSDT,EIGEN,EIGENUSDT,0.2564,15.395829,1.967761,2.201367,0.02519,0.012141,0.02085637459602685,5.345141661300928,0.004680187207488196,-0.007410296411856532,0.03705148205928244,0.03354134165366607,0.08424336973478952,0.11466458658346323,-0.08112324492979728,0.468,-0.741,3.7051,3.3541,8.4243,11.4665,-8.1123
early_oi,2026-09-11 20:45,ENAUSDT,ENA,ENAUSDT,0.1472,20.01712,2.248868,1.131357,0.029371,-0.037685,0.006815139977098816,4.156136660671035,0.004755434782608647,0.0006793478260869179,0.0040760869565217295,-0.005434782608695565,-0.037364130434782594,1.0013586956521738,-0.0842391304347826,0.4755,0.0679,0.4076,-0.5435,-3.7364,100.1359,-8.4239
early_oi,2026-09-30 20:45,ENAUSDT,ENA,ENAUSDT,0.2617,18.41571,1.973398,2.734824,0.030315,-0.001572,0.0022645269326841966,1.9922407091547074,0.0011463507833398001,0.025219717233473382,0.025983951089033397,0.048146732900267386,-0.001146350783339578,0.07413068398930078,-0.12915552158960641,0.1146,2.522,2.5984,4.8147,-0.1146,7.4131,-12.9156
early_oi,2026-09-26 00:15,ENJUSDT,ENJ,ENJUSDT,0.02969,19.508236,1.754026,1.856188,0.02627,0.018303,0.03167621193544079,1.8080038607433278,0.017177500842034288,-0.004041764904008205,-0.009093971034018211,-0.00067362748400146,0.03536544291007071,0.37386325362074757,-0.04311215897608622,1.7178,-0.4042,-0.9094,-0.0674,3.5365,37.3863,-4.3112
early_oi,2026-10-02 11:15,ENJUSDT,ENJ,ENJUSDT,0.03058,12.355229,0.774417,0.492319,0.015609,0.02137,0.041241522225626825,10.312875389739059,-0.00457815565729236,-0.00457815565729236,-0.0019620667102682177,0.03531720078482681,0.19260954872465663,0.3338783518639634,-0.008502289077828684,-0.4578,-0.4578,-0.1962,3.5317,19.261,33.3878,-0.8502
early_oi,2026-10-02 15:15,ENJUSDT,ENJ,ENJUSDT,0.03166,20.880856,1.159869,1.385451,0.034641,0.03065,0.02394944505471308,5.153361905849388,0.035691724573594374,0.0003158559696776475,0.007580543272267759,-0.008843967150979237,,0.28837650031585604,-0.016740366392924755,3.5692,0.0316,0.7581,-0.8844,,28.8377,-1.674
early_oi,2026-09-18 18:15,ENSOUSDT,ENSO,ENSOUSDT,0.961,10.343043,0.343349,0.285475,0.034446,0.013086,0.01466432293595421,8.818903878904576,0.015608740894901052,0.0457856399583767,-0.00624349635796051,-0.01664932362122795,-0.013527575442247697,0.21748178980228916,-0.04578563995837659,1.5609,4.5786,-0.6243,-1.6649,-1.3528,21.7482,-4.5786
early_oi,2026-09-21 08:15,ENSOUSDT,ENSO,ENSOUSDT,1.051,15.256224,0.303315,0.324871,0.047856,0.046973,0.022089395744044893,3.6023303619318376,-0.0038058991436726863,0.0057088487155090295,-0.0038058991436726863,-0.061845861084681264,-0.03520456707897235,0.022835394862036118,-0.08943862987630824,-0.3806,0.5709,-0.3806,-6.1846,-3.5205,2.2835,-8.9439
early_oi,2026-09-18 15:30,ENSUSDT,ENS,ENSUSDT,5.98,24.517211,2.211426,1.717015,0.010135,0.066667,0.02091801649679037,2.4804540678127216,0.0,0.0,-0.0016722408026756952,-0.0016722408026756952,0.03344481605351168,0.2441471571906355,-0.0050167224080267525,0.0,0.0,-0.1672,-0.1672,3.3445,24.4147,-0.5017
early_oi,2026-09-20 08:30,ENSUSDT,ENS,ENSUSDT,6.57,14.834106,0.65201,0.714991,0.031397,0.020833,0.07738538970970921,17.502465256075823,0.0182648401826484,0.0121765601217656,-0.013698630136986245,-0.04109589041095896,0.010654490106544845,0.13242009132420085,-0.076103500761035,1.8265,1.2177,-1.3699,-4.1096,1.0654,13.242,-7.6104
early_oi,2026-09-22 21:15,ENSUSDT,ENS,ENSUSDT,6.83,13.548403,2.489432,1.550424,0.016369,0.0,0.017185880068762316,1.2715733924267667,-0.013177159590043952,-0.005856515373352855,-0.0014641288433381305,-0.017569546120058566,0.017569546120058677,0.08931185944363107,-0.05856515373352855,-1.3177,-0.5857,-0.1464,-1.757,1.757,8.9312,-5.8565
early_oi,2026-09-26 08:45,ESPUSDT,ESP,ESPUSDT,0.10133,19.774356,0.473097,0.108222,0.01829,0.030978,0.003562609360938662,4.555111258071073,0.007105496891345098,-0.012533307016678208,0.007993684002763235,-0.002960623704727161,0.10411526694957063,0.1326359419717753,-0.06888384486331789,0.7105,-1.2533,0.7994,-0.2961,10.4115,13.2636,-6.8884
early_oi,2026-09-27 08:15,ESPUSDT,ESP,ESPUSDT,0.10709,21.005944,0.483989,0.234275,0.018256,0.077893,0.07799238378616713,9.292059050341608,0.03146885796993182,0.04472873284153511,-0.01643477448874786,-0.03352320478102544,-0.03128209916892344,0.07171537958726293,-0.11896535624241289,3.1469,4.4729,-1.6435,-3.3523,-3.1282,7.1715,-11.8965
early_oi,2026-09-07 21:00,ETCUSDT,ETC,ETCUSDT,8.05,10.144194,0.627419,0.629876,0.024173,0.018135,0.0018649495416227513,1.181560270336548,-0.00993788819875785,-0.008695652173913104,-0.014906832298136719,-0.013664596273291973,0.023602484472049712,0.2944099378881986,-0.12049689440993794,-0.9938,-0.8696,-1.4907,-1.3665,2.3602,29.441,-12.0497
early_oi,2026-09-10 19:45,ETHFIUSDT,ETHFI,ETHFIUSDT,0.6458,13.980445,2.558253,1.564599,0.015568,0.039902,0.0057574636257746725,2.8680348999186074,-0.007277794982966879,-0.018736450913595548,-0.014555589965933868,0.07448126354908635,-0.0322081139671726,0.27314958191390515,-0.11505109941158254,-0.7278,-1.8736,-1.4556,7.4481,-3.2208,27.315,-11.5051
early_oi,2026-09-29 15:00,ETHFIUSDT,ETHFI,ETHFIUSDT,0.7288,15.301156,1.332224,0.69116,0.023739,0.054042,0.03051611708604063,10.117023913773291,-0.00933040614709113,-0.00919319429198684,-0.012349066959385313,0.028677277716794736,0.03498902305159168,0.12815587266739858,-0.07615257958287591,-0.933,-0.9193,-1.2349,2.8677,3.4989,12.8156,-7.6153
early_oi,2026-09-11 20:45,ETHUSDT,ETH,ETHUSDT,2493.97,19.753653,1.05602,0.891966,0.011494,0.00235,0.003736851712821343,4.448424852263044,0.006916683039491334,0.0032799111456836005,0.012133265436232277,0.03105490442948411,0.016255207560636364,0.12565107038176104,-0.05416664995970266,0.6917,0.328,1.2133,3.1055,1.6255,12.5651,-5.4167
early_oi,2026-09-01 21:15,FFUSDT,FF,FFUSDT,0.09208,16.818053,1.354387,0.430424,0.024021,-0.003104,0.016844145751869988,10.56483973337082,0.011511728931363985,0.02693310165073859,0.10523457862728058,0.10458297132927896,0.19102953953084278,1.0073848827106864,-0.02725890529973929,1.1512,2.6933,10.5235,10.4583,19.103,100.7385,-2.7259
early_oi,2026-09-08 18:45,FFUSDT,FF,FFUSDT,0.12961,36.634183,0.349918,0.335728,0.057609,0.024923,0.011016832476729022,7.28787750305952,0.03888588843453422,0.013502044595324447,0.011958953784430237,0.09111951238330374,0.16356762595478735,0.4261245274284391,-0.11272278373582278,3.8886,1.3502,1.1959,9.112,16.3568,42.6125,-11.2723
early_oi,2026-09-15 12:30,FFUSDT,FF,FFUSDT,0.13655,53.957986,0.986035,0.687879,0.071989,-0.103652,0.005782570415174826,2.077774755207097,0.1889417795679238,0.09498352251922348,0.11929696082021235,0.02819480043939948,0.00410106188209447,0.3536433540827535,-0.15781764921274255,18.8942,9.4984,11.9297,2.8195,0.4101,35.3643,-15.7818
early_oi,2026-09-07 18:30,FIDAUSDT,FIDA,FIDAUSDT,0.02085,16.417655,0.622085,1.457231,0.024067,0.031931,0.041145333969371256,4.867607745994557,0.022062350119903984,0.014868105515587482,0.0009592326139087337,0.02637889688249384,-0.011990407673860948,0.11750599520383687,-0.13045563549160677,2.2062,1.4868,0.0959,2.6379,-1.199,11.7506,-13.0456
early_oi,2026-09-17 02:15,FILUSDT,FIL,FILUSDT,0.7823,11.228054,1.747424,1.854683,0.010724,-0.084782,0.002932836708922526,1.6491974736799553,0.001789594784609383,0.001278281989006702,0.0014061101879074833,0.019429886232902982,0.039243257062507864,0.5717755336827304,-0.01431675827687584,0.179,0.1278,0.1406,1.943,3.9243,57.1776,-1.4317
early_oi,2026-09-04 17:00,FLOKIUSDT,FLOKI,1000FLOKIUSDT,2.6e-05,22.573942,0.484253,0.619039,0.02553,0.03876,0.13279635706160087,5.027494855954877,0.0038299502106473593,0.01072386058981234,0.03523554193795486,-0.011872845653006503,0.002680965147453085,0.18422060513213334,-0.13558023745691306,0.383,1.0724,3.5236,-1.1873,0.2681,18.4221,-13.558
early_oi,2026-09-05 17:15,FLOKIUSDT,FLOKI,1000FLOKIUSDT,2.7e-05,19.828425,2.1801,2.086109,0.017571,0.002681,0.01630478063627372,1.2057229961226692,0.0,-0.005630630630630629,-0.006381381381381335,0.00037537537537546406,-0.012012012012012074,0.16066066066066087,-0.1527777777777778,0.0,-0.5631,-0.6381,0.0375,-1.2012,16.0661,-15.2778
early_oi,2026-09-18 01:00,FLOWUSDT,FLOW,FLOWUSDT,0.02871,12.4726,0.485433,0.788276,0.042105,0.06494,0.022347531298510193,2.928870964407831,-0.006269592476489061,-0.008359456635318674,-0.01079763148728663,-0.010449320794148287,0.039359108324625636,0.24033437826541282,-0.02298850574712652,-0.627,-0.8359,-1.0798,-1.0449,3.9359,24.0334,-2.2989
early_oi,2026-09-23 13:30,FLOWUSDT,FLOW,FLOWUSDT,0.0335,11.484061,2.078731,1.435919,0.014229,0.020705,0.02674964287852255,1.7967795984057398,0.004776119402985168,-0.0026865671641791433,0.0029850746268655914,0.03701492537313422,-0.032537313432835835,0.06298507462686564,-0.12059701492537322,0.4776,-0.2687,0.2985,3.7015,-3.2537,6.2985,-12.0597
early_oi,2026-09-01 19:45,FLUXUSDT,FLUX,FLUXUSDT,0.0509,82.141856,0.238442,0.436552,0.032454,-0.01004,0.009966449238174802,4.913383544949944,-0.007858546168958647,-0.025540275049115935,-0.029469548133595258,-0.023575638506876273,-0.01964636542239684,0.5697445972495088,-0.05893909626719063,-0.7859,-2.554,-2.947,-2.3576,-1.9646,56.9745,-5.8939
early_oi,2026-09-23 00:45,FLUXUSDT,FLUX,FLUXUSDT,0.0658,12.395167,1.922711,2.024904,0.018576,0.055556,0.060379970909527625,20.572493688491722,0.036474164133738496,0.03039513677811545,0.024316109422492405,0.02583586626139822,0.024316109422492405,0.2142857142857144,-0.03495440729483279,3.6474,3.0395,2.4316,2.5836,2.4316,21.4286,-3.4954
early_oi,2026-09-23 13:30,FLUXUSDT,FLUX,FLUXUSDT,0.0712,59.146361,1.725717,1.424611,0.053254,0.076433,0.018483204508296547,8.65274045284211,-0.008426966292134908,-0.014044943820224698,-0.015449438202247201,-0.001404494382022503,-0.023876404494381887,0.122191011235955,-0.1081460674157303,-0.8427,-1.4045,-1.5449,-0.1404,-2.3876,12.2191,-10.8146
early_oi,2026-09-26 14:45,FLUXUSDT,FLUX,FLUXUSDT,0.0727,25.485167,0.997617,0.513039,0.015363,0.049853,0.013377249111331535,1.5725337190831952,0.011004126547455195,0.00687757909215958,-0.005502063273727598,0.015130674002751032,0.009628610729023546,0.09903713892709765,-0.10041265474552963,1.1004,0.6878,-0.5502,1.5131,0.9629,9.9037,-10.0413
early_oi,2026-09-05 01:15,FORMUSDT,FORM,FORMUSDT,0.2846,14.18971,1.580114,1.48666,0.044787,0.005537,0.030964073466004605,15.496897233093026,0.013703443429374351,0.016514406184118036,0.015108924806746193,-0.04216444132115249,-0.00913562895291653,0.49332396345748397,-0.19887561489810268,1.3703,1.6514,1.5109,-4.2164,-0.9136,49.3324,-19.8876
early_oi,2026-09-05 15:30,FORMUSDT,FORM,FORMUSDT,0.296,20.868235,1.516218,1.001051,0.037141,0.047339,0.01351446746330165,5.02046746444084,0.014864864864864824,0.015540540540540437,-0.007770270270270219,-0.004729729729729737,-0.07939189189189177,0.43581081081081074,-0.22972972972972971,1.4865,1.5541,-0.777,-0.473,-7.9392,43.5811,-22.973
early_oi,2026-09-07 11:45,FORMUSDT,FORM,FORMUSDT,0.2721,10.551551,1.34245,1.546077,0.022548,-0.053025,0.00881758305205782,4.958243646659962,0.004410143329658167,-0.017640573318633,-0.02131569276001477,-0.01800808526277109,0.005512679162072764,0.561925762587284,-0.16207276736493936,0.441,-1.7641,-2.1316,-1.8008,0.5513,56.1926,-16.2073
early_oi,2026-09-26 19:45,FORMUSDT,FORM,FORMUSDT,0.3289,13.55425,1.551689,1.25892,0.030388,0.045187,0.005184417617648096,1.074725603449019,-0.002128306476132713,0.008513225904530186,0.0,-0.01459410155062335,-0.034965034965035,0.017026451809060594,-0.1784737002128307,-0.2128,0.8513,0.0,-1.4594,-3.4965,1.7026,-17.8474
early_oi,2026-09-04 19:15,FRAXUSDT,FRAX,FRAXUSDT,0.297,14.586162,0.257768,0.268932,0.018169,0.016731,0.040453052812932766,15.9974235335952,0.021212121212121238,0.019191919191919427,0.004377104377104368,-0.02962962962962956,-0.008754208754208737,0.09898989898989918,-0.1515151515151515,2.1212,1.9192,0.4377,-2.963,-0.8754,9.899,-15.1515
early_oi,2026-09-13 11:30,FRAXUSDT,FRAX,FRAXUSDT,0.2836,15.949189,0.429335,0.156078,0.020144,0.006517,0.0068035260959082855,1.2858286422938192,-0.0021156558533146352,-0.01445698166431586,-0.008815232722143906,-0.01093088857545832,-0.028913963328632053,0.15091678420310295,-0.1114245416078985,-0.2116,-1.4457,-0.8815,-1.0931,-2.8914,15.0917,-11.1425
early_oi,2026-09-27 19:45,FRAXUSDT,FRAX,FRAXUSDT,0.3114,11.619441,0.099004,0.140323,0.017647,-0.005848,0.038430857907467475,4.853442884474101,0.006422607578676853,0.007707129094412402,0.010597302504816941,-0.02055234425176622,-0.0513808606294156,0.048169556840077066,-0.08285163776493254,0.6423,0.7707,1.0597,-2.0552,-5.1381,4.817,-8.2852
early_oi,2026-09-29 00:00,FRAXUSDT,FRAX,FRAXUSDT,0.2997,23.873225,0.903867,0.623683,0.020082,-0.036721,0.03742017005796194,16.648183746170698,-0.00066733400066743,0.011678345011678415,0.00700700700700696,-0.003336670003336706,0.017684351017684286,0.08908908908908919,-0.0470470470470471,-0.0667,1.1678,0.7007,-0.3337,1.7684,8.9089,-4.7047
early_oi,2026-09-29 17:15,FRAXUSDT,FRAX,FRAXUSDT,0.3238,28.434907,2.625575,0.916319,0.05438,0.03575,0.05372472455979738,13.55575494922611,-0.020691785052501466,-0.0240889437924644,-0.03860407659048781,-0.01729462631253864,-0.0475602223594811,0.008029647930821726,-0.11797405806053107,-2.0692,-2.4089,-3.8604,-1.7295,-4.756,0.803,-11.7974
early_oi,2026-09-30 22:00,FRAXUSDT,FRAX,FRAXUSDT,0.3145,10.806387,0.852221,0.452224,0.024764,-0.034298,0.01761289908041319,6.047833873684146,-0.0015898251192368873,-0.012718600953895098,-0.01653418124006356,-0.019713831478537336,-0.026391096979332174,0.01685214626391085,-0.09189189189189184,-0.159,-1.2719,-1.6534,-1.9714,-2.6391,1.6852,-9.1892
early_oi,2026-10-02 18:30,FRAXUSDT,FRAX,FRAXUSDT,0.3133,16.029809,0.5721,0.463234,0.013916,0.001621,0.03183432056701374,8.83053595115039,0.011490584104691948,0.009575486753909956,0.00031918289179699855,0.0,,0.01723587615703792,-0.08841366102776893,1.1491,0.9575,0.0319,0.0,,1.7236,-8.8414
early_oi,2026-09-02 08:15,FUSDT,F,FUSDT,0.003262,58.255104,0.111121,0.111121,0.028698,-0.017354,0.006045562042855224,3.0275189911532046,-0.019006744328632696,-0.007664009809932648,-0.020846106683016674,-0.024524831391784296,0.014408338442673196,0.7480073574494173,-0.07480073574494184,-1.9007,-0.7664,-2.0846,-2.4525,1.4408,74.8007,-7.4801
early_oi,2026-09-02 19:30,FUSDT,F,FUSDT,0.003206,15.364702,0.347732,0.449154,0.015199,-0.019255,0.005588555082273183,1.5193263887836024,0.013412351840299541,-0.0037429819089208616,0.00998128509045526,0.024953212726138485,0.04834684965689329,0.7785402370555208,-0.05864004990642557,1.3412,-0.3743,0.9981,2.4953,4.8347,77.854,-5.864
early_oi,2026-09-18 23:15,FUSDT,F,FUSDT,0.005167,684.647157,1.246194,0.698977,0.534145,0.058121,0.8258357889461969,287.9902727061603,-0.011999225856396234,0.02767563383007543,-0.05806077027288559,-0.1306367331139925,-0.20418037545964773,0.103541706986646,-0.3516547319527772,-1.1999,2.7676,-5.8061,-13.0637,-20.418,10.3542,-35.1655
early_oi,2026-10-02 15:30,GALAUSDT,GALA,GALAUSDT,0.00245,21.90156,2.976742,1.033254,0.027254,0.042395,0.05118318924684506,8.013810294560898,0.01632653061224487,0.01836734693877551,0.0469387755102042,0.04367346938775496,,0.1293877551020408,-0.0106122448979592,1.6327,1.8367,4.6939,4.3673,,12.9388,-1.0612
early_oi,2026-09-08 08:15,GASUSDT,GAS,GASUSDT,1.259,16.455457,0.078043,0.058557,0.012872,-0.001606,0.02033108872762379,6.295518882027668,-0.001588562351072298,0.009531374106433788,-0.003177124702144596,-0.002382843526608336,0.012708498808578161,0.2811755361397936,-0.058776806989674246,-0.1589,0.9531,-0.3177,-0.2383,1.2708,28.1176,-5.8777
early_oi,2026-09-15 16:15,GASUSDT,GAS,GASUSDT,1.265,33.291675,0.696087,0.823253,0.010383,-0.058647,0.006344247339377773,2.2211536782241517,-0.015019762845849716,-0.015019762845849716,-0.013438735177865535,-0.003162055335968361,-0.03873517786561265,0.2750988142292492,-0.060869565217391286,-1.502,-1.502,-1.3439,-0.3162,-3.8735,27.5099,-6.087
early_oi,2026-09-20 09:00,GASUSDT,GAS,GASUSDT,1.398,87.966908,2.872944,0.426221,0.010116,0.044528,0.03517290778251603,8.597142642441588,0.027181688125894166,0.02217453505007172,-0.005722460658083017,-0.01788268955650929,-0.029327610872675214,0.15379113018598,-0.0665236051502146,2.7182,2.2175,-0.5722,-1.7883,-2.9328,15.3791,-6.6524
early_oi,2026-09-26 08:15,GASUSDT,GAS,GASUSDT,1.553,141.343544,0.380341,0.264122,0.040188,0.033218,0.027873899399163182,6.26387151680489,0.007726980038634812,-0.010946555054732743,-0.014166130070830674,-0.006439150032195751,-0.0341274951706374,0.023180940115904658,-0.11976819059884092,0.7727,-1.0947,-1.4166,-0.6439,-3.4127,2.3181,-11.9768
early_oi,2026-09-17 19:45,GENIUSUSDT,GENIUS,GENIUSUSDT,0.3793,202.011638,0.165401,0.080347,0.245649,0.007278,0.3110064355068163,254.71365645877594,0.09860268916424997,0.09253888742420235,0.014236751911415713,-0.05035591879778545,-0.13788557869760087,0.19957817031373581,-0.20827840759293437,9.8603,9.2539,1.4237,-5.0356,-13.7886,19.9578,-20.8278
early_oi,2026-09-22 08:45,GENIUSUSDT,GENIUS,GENIUSUSDT,0.3719,29.637648,1.456985,1.408795,0.03363,-0.058115,0.04116340336090585,2.73935302557718,-0.024737832750739375,-0.025544501210002735,-0.023393385318633997,-0.06587792417316485,-0.0634579187953751,0.00806668459263249,-0.19252487227749393,-2.4738,-2.5545,-2.3393,-6.5878,-6.3458,0.8067,-19.2525
early_oi,2026-09-03 11:30,GLMUSDT,GLM,GLMUSDT,0.1097,21.151181,0.392603,1.507937,0.019517,0.028681,0.006914728661862268,3.620522041613801,-0.00911577028258892,-0.007292616226071136,-0.0009115770282589475,-0.020054694621695623,-0.019143117593436676,0.2944393801276206,-0.05925250683682781,-0.9116,-0.7293,-0.0912,-2.0055,-1.9143,29.4439,-5.9253
early_oi,2026-09-05 23:30,GLMUSDT,GLM,GLMUSDT,0.1119,11.804887,0.067757,0.085493,0.017273,0.028999,0.05110593402224106,3.6250221229789643,-0.0008936550491510653,-0.00536193029490617,-0.002680965147453085,-0.008042895442359255,-0.006255585344057235,0.2689901697944592,-0.07774798927613935,-0.0894,-0.5362,-0.2681,-0.8043,-0.6256,26.899,-7.7748
early_oi,2026-09-13 08:15,GLMUSDT,GLM,GLMUSDT,0.116,17.079322,0.979469,0.474716,0.020229,0.069614,0.0011468810099819482,1.8137640724052482,0.0008620689655172153,0.011206896551724022,0.0344827586206895,0.05086206896551704,-0.011206896551724244,0.22413793103448265,-0.08362068965517244,0.0862,1.1207,3.4483,5.0862,-1.1207,22.4138,-8.3621
early_oi,2026-09-18 18:00,GLMUSDT,GLM,GLMUSDT,0.1191,18.612027,1.754546,0.280263,0.021441,0.057117,0.048599270176997056,5.907662592121039,-0.005877413937867226,-0.005877413937867226,-0.009235936188077276,-0.005877413937867226,0.02099076406381184,0.11754827875734675,-0.02183039462636438,-0.5877,-0.5877,-0.9236,-0.5877,2.0991,11.7548,-2.183
early_oi,2026-09-03 13:15,GMTUSDT,GMT,GMTUSDT,0.00756,14.588762,0.169727,0.213128,0.018868,0.00542,0.012795322947256604,5.577607431011585,-0.02777777777777779,-0.025132275132275117,-0.023809523809523725,-0.022486772486772444,-0.031746031746031744,0.21825396825396814,-0.10052910052910058,-2.7778,-2.5132,-2.381,-2.2487,-3.1746,21.8254,-10.0529
early_oi,2026-09-13 09:30,GMTUSDT,GMT,GMTUSDT,0.00772,22.925979,0.49049,0.332445,0.037634,0.052334,0.032375884955537115,12.514179361843226,-0.0038860103626943143,0.011658031088082943,0.005181347150259086,0.0012953367875647714,-0.012953367875647714,0.19300518134715006,-0.11917098445595864,-0.3886,1.1658,0.5181,0.1295,-1.2953,19.3005,-11.9171
early_oi,2026-09-21 17:00,GMTUSDT,GMT,GMTUSDT,0.00834,14.997152,2.765887,1.44076,0.014599,0.07451,0.011986607165903163,1.0481461630106583,-0.005995203836930418,0.0,-0.008393285371702697,-0.004796163069544335,0.031175059952038398,0.10431654676258995,-0.02877697841726623,-0.5995,0.0,-0.8393,-0.4796,3.1175,10.4317,-2.8777
early_oi,2026-09-06 06:30,GMXUSDT,GMX,GMXUSDT,7.75,11.31784,0.957445,0.575017,0.011749,0.059474,0.02370144796508611,3.6242357101460896,-0.010322580645161339,-0.003870967741935516,-0.003870967741935516,0.03612903225806452,0.024516129032258194,0.11096774193548375,-0.11483870967741927,-1.0323,-0.3871,-0.3871,3.6129,2.4516,11.0968,-11.4839
early_oi,2026-09-07 18:45,GMXUSDT,GMX,GMXUSDT,8.46,51.161195,1.612036,2.0162,0.038037,0.008663,0.07332513985349354,23.834069816990922,0.0023640661938533203,-0.0023640661938535423,0.0035460992907800915,-0.007092198581560294,-0.008274231678487065,0.017730496453900457,-0.18912529550827428,0.2364,-0.2364,0.3546,-0.7092,-0.8274,1.773,-18.9125
early_oi,2026-09-20 23:30,GRTUSDT,GRT,GRTUSDT,0.02135,18.087241,1.329508,1.202043,0.020554,0.026497,0.05835442275094804,12.338206175955374,0.00843091334894619,0.017798594847775018,0.006088992974238705,0.0346604215456674,0.09320843091334896,0.7189695550351289,-0.009367681498829161,0.8431,1.7799,0.6089,3.466,9.3208,71.897,-0.9368
early_oi,2026-09-28 02:00,GRTUSDT,GRT,GRTUSDT,0.02968,15.985572,0.945973,2.225223,0.027701,0.037356,0.022323107792129093,3.1338906694933706,0.008086253369272045,-0.0016846361185984815,0.03874663072776263,0.18530997304582209,0.046495956873315425,0.23652291105121304,-0.08221024258760112,0.8086,-0.1685,3.8747,18.531,4.6496,23.6523,-8.221
early_oi,2026-09-30 03:00,GTCUSDT,GTC,GTCUSDT,0.08807,21.364845,0.429592,0.946385,0.020983,0.009716,0.0014313709811866193,1.645734874939535,-0.007948223004428212,-0.00840240717610985,-0.016918360395140164,-0.014306801407970915,0.06279096173498355,1.0892471897354379,-0.02441239922788685,-0.7948,-0.8402,-1.6918,-1.4307,6.2791,108.9247,-2.4412
early_oi,2026-09-20 11:15,GUNUSDT,GUN,GUNUSDT,0.00288,18.745187,2.174818,0.444842,0.028571,0.01083,0.001288418321131246,4.181471083434518,0.010416666666666519,0.01388888888888884,0.024305555555555358,0.05208333333333326,0.01736111111111094,0.3194444444444444,-0.0277777777777779,1.0417,1.3889,2.4306,5.2083,1.7361,31.9444,-2.7778
early_oi,2026-09-20 14:45,GUNUSDT,GUN,GUNUSDT,0.003,18.936197,1.301948,2.171181,0.038062,0.054745,0.056976079611438246,19.258116413769887,0.0033333333333334103,0.010000000000000009,-0.00666666666666671,-0.043333333333333335,-0.01666666666666672,0.2666666666666666,-0.06666666666666665,0.3333,1.0,-0.6667,-4.3333,-1.6667,26.6667,-6.6667
early_oi,2026-09-09 08:15,GUSDT,G,GUSDT,0.00425,54.189913,1.682276,0.65099,0.049383,0.035806,0.04358902247291119,4.556820773761464,-0.009411764705882342,-0.0611764705882355,-0.05882352941176472,-0.07764705882352951,-0.054117647058823604,2.5599999999999996,-0.16705882352941182,-0.9412,-6.1176,-5.8824,-7.7647,-5.4118,256.0,-16.7059
early_oi,2026-09-16 03:00,GUSDT,G,GUSDT,0.00427,10.373929,2.637031,2.388683,0.041463,0.067708,0.030789014923160885,9.397498147534787,0.01873536299765788,0.011709601873536313,-0.00936768149882905,0.0023419203747072626,-0.03512880562060894,2.543325526932084,-0.058548009367681564,1.8735,1.171,-0.9368,0.2342,-3.5129,254.3326,-5.8548
early_oi,2026-09-08 13:45,HAEDALUSDT,HAEDAL,HAEDALUSDT,0.01954,15.253261,0.574393,0.229337,0.034958,0.012332,0.0156469233091161,20.678817789829797,0.0010235414534289777,0.0301944728761514,0.014329580348004134,0.09621289662231347,-0.023541453428863823,0.22262026612077812,-0.16990788126919143,0.1024,3.0194,1.433,9.6213,-2.3541,22.262,-16.9908
early_oi,2026-09-09 11:45,HAEDALUSDT,HAEDAL,HAEDALUSDT,0.02006,23.617042,2.721841,2.514617,0.014669,0.07329,0.03807188781651427,6.975042237591577,-0.02891326021934204,-0.03888334995014975,-0.0423728813559322,-0.04586241276171488,-0.06530408773678975,0.12063808574277157,-0.1914257228315056,-2.8913,-3.8883,-4.2373,-4.5862,-6.5304,12.0638,-19.1426
early_oi,2026-09-22 08:45,HAEDALUSDT,HAEDAL,HAEDALUSDT,0.0212,11.473047,0.157586,0.298975,0.019721,0.032787,0.013941559215310262,4.662791605245417,-0.008018867924528328,-0.014150943396226467,-0.011792452830188704,-0.01132075471698113,-0.0033018867924529127,0.060377358490566024,-0.12264150943396235,-0.8019,-1.4151,-1.1792,-1.1321,-0.3302,6.0377,-12.2642
early_oi,2026-09-16 03:00,HBARUSDT,HBAR,HBARUSDT,0.07603,16.677413,2.896398,1.955501,0.012653,-0.040634,0.021608551661877806,9.788893230817665,-0.008680783901091615,-0.009601473102722524,-0.0049980270945679806,-0.02091279757990261,-0.043009338419045084,0.7224779692226753,-0.05353150072339874,-0.8681,-0.9601,-0.4998,-2.0913,-4.3009,72.2478,-5.3532
early_oi,2026-09-20 09:15,HBARUSDT,HBAR,HBARUSDT,0.08329,11.960583,2.417595,2.034397,0.012891,0.037995,0.03350598913771252,6.223562469397498,-0.0033617481090166823,-0.007563933245287591,-0.015488053787969691,-0.03085604514347462,0.03445791811742094,0.5723376155600912,-0.04538359947172532,-0.3362,-0.7564,-1.5488,-3.0856,3.4458,57.2338,-4.5384
early_oi,2026-09-20 21:45,HBARUSDT,HBAR,HBARUSDT,0.08455,14.08425,2.592718,1.59939,0.021382,0.019584,0.026796945994140398,2.951062674234026,0.01951507983441747,0.03548196333530451,0.03784742755765813,0.027675931401537568,0.07108219988172682,0.5489059727971615,-0.0005913660555882938,1.9515,3.5482,3.7847,2.7676,7.1082,54.8906,-0.0591
early_oi,2026-09-16 18:15,HEIUSDT,HEI,HEIUSDT,0.1269,10.992276,1.303862,0.404079,0.061925,0.049166,0.09131648355918953,18.786522943663037,0.03703703703703698,0.022064617809298692,0.017336485421591608,0.031520882584712195,-0.0007880220646179215,0.49408983451536614,-0.09062253743104809,3.7037,2.2065,1.7336,3.1521,-0.0788,49.409,-9.0623
early_oi,2026-09-02 10:15,HEMIUSDT,HEMI,HEMIUSDT,0.01763,30.44957,2.164573,1.457825,0.169874,-0.028995,0.048676499189858724,6.39960859055612,0.21213840045377208,0.17016449234259778,0.018150879183210566,-0.1571185479296653,-0.1610890527509926,0.28247305728871264,-0.6681792399319342,21.2138,17.0164,1.8151,-15.7119,-16.1089,28.2473,-66.8179
early_oi,2026-09-03 11:00,HEMIUSDT,HEMI,HEMIUSDT,0.01728,44.522503,1.179074,1.211048,0.097143,-0.236549,0.05472474343018363,1.8104057963511417,-0.05902777777777779,-0.04340277777777779,0.0005787037037037202,0.16145833333333348,-0.05266203703703709,0.2569444444444444,-0.6614583333333333,-5.9028,-4.3403,0.0579,16.1458,-5.2662,25.6944,-66.1458
early_oi,2026-09-08 18:30,HEMIUSDT,HEMI,HEMIUSDT,0.00926,34.11633,1.505801,1.000481,0.102381,-0.047619,0.030012692619564074,3.6618561696001946,-0.02051835853131745,0.001079913606911509,-0.04751619870410362,-0.09071274298056142,-0.1879049676025918,0.01403887688984895,-0.36825053995680335,-2.0518,0.108,-4.7516,-9.0713,-18.7905,1.4039,-36.8251
early_oi,2026-09-15 00:30,HEMIUSDT,HEMI,HEMIUSDT,0.00706,12.261164,2.173065,0.665297,0.047478,0.073248,0.021547002394704196,1.5457378932633956,-0.031161473087818803,-0.04107648725212465,-0.04532577903682722,-0.08215297450424941,-0.07082152974504252,0.004249291784702569,-0.1713881019830028,-3.1161,-4.1076,-4.5326,-8.2153,-7.0822,0.4249,-17.1388
early_oi,2026-09-04 08:15,HIVEUSDT,HIVE,HIVEUSDT,0.0479,81.812423,1.528485,0.946649,0.036797,0.045249,0.1007435742905125,4.815515801921973,-0.02713987473903956,-0.01670146137787043,0.0,-0.03340292275574108,-0.039665970772442605,0.384133611691023,-0.09394572025052184,-2.714,-1.6701,0.0,-3.3403,-3.9666,38.4134,-9.3946
early_oi,2026-09-11 08:15,HIVEUSDT,HIVE,HIVEUSDT,0.0447,36.893732,0.828513,0.185897,0.020548,-0.039474,0.0003387742690876827,3.2368959405853577,-0.0022371364653243075,-0.008948545861297452,-0.02237136465324374,-0.006711409395973034,0.01565995525727093,0.4832214765100671,-0.02460850111856816,-0.2237,-0.8949,-2.2371,-0.6711,1.566,48.3221,-2.4609
early_oi,2026-09-12 21:15,HIVEUSDT,HIVE,HIVEUSDT,0.0474,11.138899,0.803402,0.521218,0.010661,0.044543,0.03941298918639835,10.416561793027896,-0.00421940928270037,-0.00421940928270037,-0.00843881856540074,0.0,0.16666666666666674,0.39873417721519,-0.00843881856540074,-0.4219,-0.4219,-0.8439,0.0,16.6667,39.8734,-0.8439
early_oi,2026-09-13 08:15,HIVEUSDT,HIVE,HIVEUSDT,0.0494,50.9741,1.896121,0.83383,0.012295,0.067834,0.05190418582532219,6.206513453298066,0.008097165991902688,0.006072874493927127,0.018218623481781382,0.07489878542510131,-0.002024291497975783,0.3421052631578947,-0.01619433198380571,0.8097,0.6073,1.8219,7.4899,-0.2024,34.2105,-1.6194
early_oi,2026-09-14 14:00,HIVEUSDT,HIVE,HIVEUSDT,0.0534,18.924186,1.772251,2.851867,0.032882,0.023762,0.043609234506111205,5.717108614940955,0.0037453183520599342,0.001872659176029856,0.022471910112359605,-0.014981273408239737,-0.0018726591760299671,0.23408239700374533,-0.07116104868913864,0.3745,0.1873,2.2472,-1.4981,-0.1873,23.4082,-7.1161
early_oi,2026-09-15 08:15,HIVEUSDT,HIVE,HIVEUSDT,0.0574,232.609582,0.87219,0.579583,0.09542,0.027451,0.22571938972976802,19.169177857393887,0.05749128919860613,0.03484320557491283,0.019163763066202266,-0.04529616724738672,-0.09233449477351918,0.1480836236933798,-0.13588850174216027,5.7491,3.4843,1.9164,-4.5296,-9.2334,14.8084,-13.5889
early_oi,2026-09-16 08:00,HIVEUSDT,HIVE,HIVEUSDT,0.0543,25.846688,2.092222,1.23668,0.016854,0.017143,0.09586379181239546,4.334254420472365,-0.04051565377532229,-0.025782688766114115,-0.03130755064456725,-0.03499079189686927,-0.036832412523020275,0.15469613259668513,-0.0865561694290976,-4.0516,-2.5783,-3.1308,-3.4991,-3.6832,15.4696,-8.6556
early_oi,2026-09-09 20:00,HOTUSDT,HOT,HOTUSDT,0.0004,17.052685,0.03462,0.132135,0.038961,0.002604,0.032565805323436114,14.02647862984242,0.004999999999999893,-0.015000000000000124,-0.02000000000000013,-0.040000000000000036,-0.05499999999999994,0.25,-0.11250000000000004,0.5,-1.5,-2.0,-4.0,-5.5,25.0,-11.25
early_oi,2026-09-22 19:15,HOTUSDT,HOT,HOTUSDT,0.000488,205.172178,1.329579,0.910892,0.184466,-0.002421,0.3833190327524296,22.927856780503642,-0.05942622950819676,-0.05737704918032782,-0.05122950819672134,-0.09426229508196715,-0.10245901639344257,0.002049180327868827,-0.15163934426229508,-5.9426,-5.7377,-5.123,-9.4262,-10.2459,0.2049,-15.1639
early_oi,2026-09-23 18:30,HUMAUSDT,HUMA,HUMAUSDT,0.02517,10.599022,0.887547,1.364053,0.022755,0.02371,0.004104561309615118,8.662361771899015,-0.0023837902264600697,-0.006754072308303494,-0.0003972983710768263,-0.06396503774334528,-0.05641636869288835,0.43822010329757655,-0.08263806118394923,-0.2384,-0.6754,-0.0397,-6.3965,-5.6416,43.822,-8.2638
early_oi,2026-09-24 21:00,HUMAUSDT,HUMA,HUMAUSDT,0.02516,46.966378,0.593534,1.11031,0.05272,-0.039389,0.006215860115899252,4.789608759929546,0.02384737678855342,0.010333863275039823,-0.0178855325914149,0.007551669316375298,0.1514308426073132,0.4387917329093802,-0.06915739268680443,2.3847,1.0334,-1.7886,0.7552,15.1431,43.8792,-6.9157
early_oi,2026-09-27 17:00,HUMAUSDT,HUMA,HUMAUSDT,0.02939,29.029904,1.532368,1.449023,0.034859,0.038012,0.008708407500365611,1.3378440709345703,-0.007485539299081245,-0.009527050017012595,-0.011908812521265744,-0.027220142905750255,-0.07417488941816941,0.23171146648519914,-0.12487240558012924,-0.7486,-0.9527,-1.1909,-2.722,-7.4175,23.1711,-12.4872
early_oi,2026-09-28 16:15,HUMAUSDT,HUMA,HUMAUSDT,0.02777,11.6318,2.860412,1.969404,0.029663,-0.046996,0.008873442982109792,3.81834610465459,-0.00972272236226146,-0.020165646380986613,-0.02736766294562476,-0.039971191933741435,0.04069139359020513,0.3035649981994959,-0.05077421678069849,-0.9723,-2.0166,-2.7368,-3.9971,4.0691,30.3565,-5.0774
early_oi,2026-09-07 18:45,ILVUSDT,ILV,ILVUSDT,3.39,15.240785,1.161524,2.681935,0.024169,0.021605,0.033859483488438036,21.662389642811053,0.0,0.005899705014749346,0.002949852507374562,0.0,-0.017699115044247815,0.29793510324483785,-0.11504424778761069,0.0,0.59,0.295,0.0,-1.7699,29.7935,-11.5044
early_oi,2026-09-12 23:45,ILVUSDT,ILV,ILVUSDT,3.34,17.612747,2.036503,0.158944,0.030864,0.018868,0.03970556948255122,3.968892936898746,0.011976047904191711,0.020958083832335328,0.020958083832335328,0.13772455089820368,0.03293413173652704,0.317365269461078,-0.06586826347305386,1.1976,2.0958,2.0958,13.7725,3.2934,31.7365,-6.5868
early_oi,2026-09-26 14:30,ILVUSDT,ILV,ILVUSDT,3.95,16.804564,0.8245,0.700856,0.012821,0.037234,0.008477292858562357,1.5519276620207183,0.010126582278481067,0.010126582278481067,0.012658227848101111,0.030379746835442978,0.020253164556962133,0.08607594936708862,-0.06835443037974687,1.0127,1.0127,1.2658,3.038,2.0253,8.6076,-6.8354
early_oi,2026-10-01 23:15,ILVUSDT,ILV,ILVUSDT,3.83,11.759867,1.236348,1.096798,0.015915,-0.040712,0.002793782634646247,2.2003821709140117,0.0,-0.005221932114882533,0.010443864229765065,0.026109660574412663,0.07049608355091364,0.12010443864229758,-0.007832898172323799,0.0,-0.5222,1.0444,2.611,7.0496,12.0104,-0.7833
early_oi,2026-10-02 15:30,ILVUSDT,ILV,ILVUSDT,4.14,20.81335,1.024602,0.78612,0.037594,0.02046,0.11917014013275162,30.930756777499937,-0.0024154589371979673,-0.0024154589371979673,0.007246376811594235,0.0024154589371983004,,0.036231884057971175,-0.07487922705313999,-0.2415,-0.2415,0.7246,0.2415,,3.6232,-7.4879
early_oi,2026-10-03 11:30,ILVUSDT,ILV,ILVUSDT,4.18,14.721943,1.435254,1.05007,0.032099,0.015038,0.07332229701586312,5.528605325359005,0.0071770334928229484,0.014354066985646119,0.009569377990430672,,,0.02392344497607679,-0.007177033492822837,0.7177,1.4354,0.9569,,,2.3923,-0.7177
early_oi,2026-09-26 15:30,IMXUSDT,IMX,IMXUSDT,0.1667,10.65897,0.968948,0.708475,0.019572,0.065841,0.03780188246102023,11.677078348937554,0.002399520095980767,-0.005998800239952029,0.007798440311937771,0.003599280143971262,-0.0005998800239951363,0.17336532693461315,-0.028194361127774292,0.24,-0.5999,0.7798,0.3599,-0.06,17.3365,-2.8194
early_oi,2026-10-02 09:30,IMXUSDT,IMX,IMXUSDT,0.1766,11.666189,0.500412,0.338037,0.030338,0.020238,0.02933261539111265,7.602805689464716,0.011325028312570762,-0.010192525481313663,-0.008493771234428071,-0.013023782559456354,0.02491506228765572,0.08776896942242352,-0.0334088335220839,1.1325,-1.0193,-0.8494,-1.3024,2.4915,8.7769,-3.3409
early_oi,2026-09-04 22:15,INITUSDT,INIT,INITUSDT,0.06411,13.168896,0.386655,0.931678,0.034366,0.025819,0.03484081314993759,9.56377883835474,-0.004211511464670248,-0.01216658867571363,-0.009046950553735722,-0.01029480580252684,-0.01325846201840597,0.8185930432069879,-0.02292934019653714,-0.4212,-1.2167,-0.9047,-1.0295,-1.3258,81.8593,-2.2929
early_oi,2026-09-10 23:45,INITUSDT,INIT,INITUSDT,0.06843,27.593091,1.392578,1.032675,0.027632,0.012468,0.05408384817072465,16.6660484606196,0.004237907350577164,0.0008768084173607082,0.012567587315504891,0.004384042086803985,0.013590530469092421,0.7037848896682741,-0.07935116177115309,0.4238,0.0877,1.2568,0.4384,1.3591,70.3785,-7.9351
early_oi,2026-09-17 13:00,INITUSDT,INIT,INITUSDT,0.07379,32.64782,0.582441,0.55541,0.042232,0.042556,0.05362738075872042,15.778351077063466,-0.00853774224149606,-0.002710394362379631,-0.00853774224149606,-0.017211004201111213,0.021818674617156697,0.5800243935492615,-0.03550616614717439,-0.8538,-0.271,-0.8538,-1.7211,2.1819,58.0024,-3.5506
early_oi,2026-09-20 08:30,INITUSDT,INIT,INITUSDT,0.0766,13.417136,0.249922,0.642957,0.011355,-0.004992,0.005938542891914089,2.644642979121106,-0.003002610966057584,-0.001958224543080922,-0.009530026109660472,-0.031070496083551058,-0.023629242819843466,0.5220626631853786,-0.07088772845953006,-0.3003,-0.1958,-0.953,-3.107,-2.3629,52.2063,-7.0888
early_oi,2026-09-21 14:00,INITUSDT,INIT,INITUSDT,0.07887,12.721294,1.02855,0.761589,0.036399,0.028101,0.008373381077865227,3.461726549334221,0.006085964244960218,0.018891847343730284,0.03829085837454049,0.026245720806390205,0.05971852415367063,0.47825535691644494,-0.005832382401420033,0.6086,1.8892,3.8291,2.6246,5.9719,47.8255,-0.5832
early_oi,2026-09-29 15:30,INITUSDT,INIT,INITUSDT,0.09607,10.763189,2.813973,1.948197,0.039044,0.065453,0.028809055488398183,6.618755708634881,-0.0037472676173623265,0.001040907671489677,0.014364525866555455,0.04819402518996552,0.08525033829499318,0.2135942541896534,-0.011137712084938078,-0.3747,0.1041,1.4365,4.8194,8.525,21.3594,-1.1138
early_oi,2026-10-02 11:45,INITUSDT,INIT,INITUSDT,0.10606,13.947709,1.001085,1.005852,0.031812,-0.007914,0.005863095592960166,1.259114319194462,-0.01678295304544597,-0.01678295304544597,-0.023854422025268773,-0.027531585894776556,0.041768810107486454,0.07637186498208548,-0.05704318310390344,-1.6783,-1.6783,-2.3854,-2.7532,4.1769,7.6372,-5.7043
early_oi,2026-09-02 08:30,IOSTUSDT,IOST,IOSTUSDT,0.000621,26.604672,1.253469,0.937128,0.021382,0.039316,0.021578231790273072,6.6035419866827585,-0.03542673107890493,-0.040257648953301195,-0.0338164251207731,-0.0338164251207731,-0.0499194847020934,2.9420289855072466,-0.06119162640901776,-3.5427,-4.0258,-3.3816,-3.3816,-4.9919,294.2029,-6.1192
early_oi,2026-09-16 13:15,IOSTUSDT,IOST,IOSTUSDT,0.00083,31.079283,0.60492,0.917356,0.057325,0.026144,0.03623833215733785,3.9839562903145236,0.033734939759036076,-0.0036144578313253017,-0.02289156626506028,-0.0060240963855421326,0.03975903614457832,0.23734939759036133,-0.06024096385542166,3.3735,-0.3614,-2.2892,-0.6024,3.9759,23.7349,-6.0241
early_oi,2026-09-20 20:30,IOSTUSDT,IOST,IOSTUSDT,0.000922,15.000476,1.727154,2.038541,0.030168,0.03708,0.04698284261804342,7.6205991643097075,-0.018438177874186557,-0.03145336225596529,-0.03470715835141003,-0.04663774403470711,-0.04013015184381774,0.11388286334056397,-0.08676789587852496,-1.8438,-3.1453,-3.4707,-4.6638,-4.013,11.3883,-8.6768
early_oi,2026-09-14 18:45,IOTAUSDT,IOTA,IOTAUSDT,0.0432,21.592231,1.270278,1.13524,0.028571,0.039604,0.08203003643520534,13.097027595168262,0.02777777777777768,0.03240740740740744,0.03009259259259256,0.01620370370370372,-0.03240740740740755,0.3217592592592591,-0.13888888888888895,2.7778,3.2407,3.0093,1.6204,-3.2407,32.1759,-13.8889
early_oi,2026-09-10 01:00,IOTXUSDT,IOTX,IOTXUSDT,0.003331,11.826723,1.608772,0.815886,0.030631,0.016352,0.0601306588107009,14.295401968549722,-0.007205043530471356,-0.025818072650855672,-0.027319123386370547,-0.04142900030021013,-0.1383968778144702,0.29090363254277984,-0.18733113179225458,-0.7205,-2.5818,-2.7319,-4.1429,-13.8397,29.0904,-18.7331
early_oi,2026-09-30 20:15,IOUSDT,IO,IOUSDT,0.1695,28.573931,2.077369,1.779123,0.023551,-0.001206,0.03559431268118507,4.93552682709195,-0.011209439528023668,-0.008849557522123908,-0.0005899705014750234,-0.02595870206489681,-0.0595870206489677,0.001769911504424737,-0.11799410029498536,-1.1209,-0.885,-0.059,-2.5959,-5.9587,0.177,-11.7994
early_oi,2026-09-04 01:45,JASMYUSDT,JASMY,JASMYUSDT,0.00494,10.333309,0.640156,1.284973,0.024896,0.025532,0.04102403446969838,2.9727473677233114,0.004048582995951344,0.004048582995951344,-0.00809716599190291,-0.022267206477732726,-0.11943319838056687,0.26315789473684204,-0.2834008097165992,0.4049,0.4049,-0.8097,-2.2267,-11.9433,26.3158,-28.3401
early_oi,2026-09-06 21:45,JASMYUSDT,JASMY,JASMYUSDT,0.00434,14.388927,1.004759,0.475863,0.011655,-0.016055,0.006836333854124854,1.0434082012341028,0.004608294930875667,0.0023041474654377225,-0.006912442396313501,0.0,0.018433179723502446,0.4377880184331797,-0.18433179723502302,0.4608,0.2304,-0.6912,0.0,1.8433,43.7788,-18.4332
early_oi,2026-09-29 20:00,JASMYUSDT,JASMY,JASMYUSDT,0.00538,31.289625,0.650666,1.958303,0.03861,0.027778,0.04119703075724468,6.772717411302218,-0.009293680297397855,-0.0074349442379182396,0.011152416356877248,-0.016728624535315983,-0.0371747211895912,0.1598513011152416,-0.0780669144981413,-0.9294,-0.7435,1.1152,-1.6729,-3.7175,15.9851,-7.8067
early_oi,2026-10-01 16:00,JASMYUSDT,JASMY,JASMYUSDT,0.00566,32.253054,2.926566,2.809525,0.04428,0.046332,0.07142865482222205,9.132731481673602,0.04063604240282692,0.06713780918727918,0.06360424028268552,0.08127208480565362,-0.04770318021201414,0.10247349823321561,-0.09363957597173145,4.0636,6.7138,6.3604,8.1272,-4.7703,10.2473,-9.364
early_oi,2026-09-01 01:45,JOEUSDT,JOE,JOEUSDT,0.0321,10.787045,0.734254,0.491905,0.022293,-0.006329,0.003818824922646291,2.6248268409588054,0.0031152647975078995,-0.012461059190031043,-0.012461059190031043,-0.024922118380062197,-0.04361370716510893,0.5140186915887852,-0.16822429906542047,0.3115,-1.2461,-1.2461,-2.4922,-4.3614,51.4019,-16.8224
early_oi,2026-09-07 10:15,JOEUSDT,JOE,JOEUSDT,0.0341,13.037429,2.154453,1.820902,0.01791,0.060127,0.020073876473648777,5.557190760959213,0.0058651026392961825,-0.008797653958944385,-0.03225806451612889,-0.0058651026392961825,-0.038123167155425075,0.4252199413489737,-0.21700879765395886,0.5865,-0.8798,-3.2258,-0.5865,-3.8123,42.522,-21.7009
early_oi,2026-09-23 00:15,JOEUSDT,JOE,JOEUSDT,0.038,18.847061,0.754127,1.271011,0.024259,0.019231,0.015973887223061922,2.608053700212584,-0.0052631578947368585,-0.002631578947368318,-0.002631578947368318,-0.015789473684210464,-0.09473684210526312,0.2789473684210526,-0.11315789473684201,-0.5263,-0.2632,-0.2632,-1.5789,-9.4737,27.8947,-11.3158
early_oi,2026-09-25 09:30,JOEUSDT,JOE,JOEUSDT,0.0371,15.708614,0.433604,0.638311,0.010899,0.069971,0.0056662738528314716,1.0697972750666256,0.008086253369272267,0.018867924528301883,0.013477088948786964,-0.0026954177897574594,0.14555256064690036,0.3099730458221024,-0.08625336927223726,0.8086,1.8868,1.3477,-0.2695,14.5553,30.9973,-8.6253
early_oi,2026-09-26 19:15,JTOUSDT,JTO,JTOUSDT,0.5906,19.295884,1.442922,1.452392,0.011475,0.065122,0.002388107630157288,2.250192322771768,0.0018625126989502139,-0.0016931933626820328,-0.004910260751777917,0.00795800880460562,0.06654249915340338,0.0954961056552659,-0.15899085675584157,0.1863,-0.1693,-0.491,0.7958,6.6542,9.5496,-15.8991
early_oi,2026-09-06 11:30,JUPUSDT,JUP,JUPUSDT,0.2335,12.733158,2.294606,1.215174,0.018761,0.059639,0.05722220472600004,5.516135289154932,0.003426124197002167,0.0012847965738758127,0.0025695931477516254,0.0158458244111348,0.13062098501070674,0.6059957173447537,-0.11220556745182009,0.3426,0.1285,0.257,1.5846,13.0621,60.5996,-11.2206
early_oi,2026-09-28 05:45,JUPUSDT,JUP,JUPUSDT,0.3641,12.938297,2.100771,1.894282,0.02737,0.045736,0.05660275965983397,6.782432621042027,-0.007140895358417998,-0.01895083768195538,0.004119747322164136,-0.001647898928865632,-0.10766273001922533,0.02993683054106011,-0.16424059324361429,-0.7141,-1.8951,0.412,-0.1648,-10.7663,2.9937,-16.4241
early_oi,2026-10-02 02:00,JUPUSDT,JUP,JUPUSDT,0.3287,12.592843,0.890442,0.882408,0.017647,-0.024758,0.01681041101600833,6.170369307480378,0.0009126863401278662,0.0012169151201704143,-0.0021296014602980584,-0.01369029510191666,-0.01734104046242768,0.04107088530574998,-0.07423182233039238,0.0913,0.1217,-0.213,-1.369,-1.7341,4.1071,-7.4232
early_oi,2026-09-17 18:00,KAIAUSDT,KAIA,KAIAUSDT,0.0282,11.15459,0.632341,0.313645,0.018051,0.02214,0.02540594543590413,1.9404184551586532,-0.0035460992907800915,0.0035460992907800915,0.0,-0.0035460992907800915,0.049645390070921946,0.3794326241134751,-0.007092198581560294,-0.3546,0.3546,0.0,-0.3546,4.9645,37.9433,-0.7092
early_oi,2026-09-27 08:45,KAIAUSDT,KAIA,KAIAUSDT,0.0366,15.301808,1.687536,1.108616,0.01385,0.025568,0.03301936550401674,6.437003419302025,-0.010928961748633781,-0.010928961748633781,0.0,-0.024590163934426146,-0.032786885245901676,0.06284153005464477,-0.10655737704918034,-1.0929,-1.0929,0.0,-2.459,-3.2787,6.2842,-10.6557
early_oi,2026-10-01 12:00,KAIAUSDT,KAIA,KAIAUSDT,0.0386,29.018011,2.638685,1.682867,0.063361,0.077151,0.22515160090130482,52.66003663323267,-0.020725388601036343,0.0,-0.041450777202072686,-0.031088082901554404,-0.04922279792746109,0.007772020725388407,-0.09585492227979275,-2.0725,0.0,-4.1451,-3.1088,-4.9223,0.7772,-9.5855
early_oi,2026-09-05 22:15,KAVAUSDT,KAVA,KAVAUSDT,0.05121,10.658142,1.48097,1.238796,0.011056,0.017886,0.0038744576288172183,1.833478123515874,0.0031243897676234145,0.0009763718023823031,0.0037102128490529296,0.0,0.03593048232767049,0.6158953329427848,-0.017184143721929335,0.3124,0.0976,0.371,0.0,3.593,61.5895,-1.7184
early_oi,2026-09-06 21:30,KAVAUSDT,KAVA,KAVAUSDT,0.05298,12.26317,0.117737,0.323049,0.011648,0.037441,0.015129395946938518,4.726453330056333,-0.0015100037750094275,0.0024537561343902503,-0.0009437523593809338,-0.0032087580218950196,0.08644771611929025,0.5619101547753871,-0.007361268403171084,-0.151,0.2454,-0.0944,-0.3209,8.6448,56.191,-0.7361
early_oi,2026-09-11 16:15,KAVAUSDT,KAVA,KAVAUSDT,0.06512,34.049917,1.876254,2.00243,0.015121,0.016479,0.02104920136575994,2.620347694304055,0.002149877149877133,0.0027641277641277107,0.0010749385749386775,0.003839066339066388,0.03132678132678124,0.2707309582309583,-0.07647420147420148,0.215,0.2764,0.1075,0.3839,3.1327,27.0731,-7.6474
early_oi,2026-09-23 16:00,KERNELUSDT,KERNEL,KERNELUSDT,0.0602,10.408307,2.83735,2.597568,0.025554,-0.139296,0.00852822199654768,1.1229773960421179,-0.00830564784053145,-0.014950166112956742,-0.05149501661129563,-0.05813953488372092,-0.08139534883720922,0.019933554817275878,-0.17441860465116277,-0.8306,-1.495,-5.1495,-5.814,-8.1395,1.9934,-17.4419
early_oi,2026-09-30 21:15,KERNELUSDT,KERNEL,KERNELUSDT,0.0562,20.810093,2.376351,1.303302,0.019964,0.049524,0.0036200165493263103,2.203880059500244,-0.008896797153024938,-0.017793594306049876,-0.008896797153024938,-0.02135231316725983,-0.04804270462633453,0.0,-0.08896797153024905,-0.8897,-1.7794,-0.8897,-2.1352,-4.8043,0.0,-8.8968
early_oi,2026-09-17 00:45,KITEUSDT,KITE,KITEUSDT,0.1105,10.717634,0.765118,0.146146,0.025998,0.034582,0.04157215784014201,20.666997984960588,-0.014479638009049833,-0.05791855203619911,-0.0914027149321267,-0.07511312217194577,-0.044343891402715,0.44253393665158347,-0.09502262443438914,-1.448,-5.7919,-9.1403,-7.5113,-4.4344,44.2534,-9.5023
early_oi,2026-09-01 21:00,KMNOUSDT,KMNO,KMNOUSDT,0.02423,36.376659,0.124569,0.180201,0.015082,-0.029675,0.017612758773558612,2.2108846129827575,-0.0033016921172100977,0.0016508460586048823,0.0004127115146512761,-0.027651671481634388,-0.009079653322327741,1.140321914981428,-0.042096574494428385,-0.3302,0.1651,0.0413,-2.7652,-0.908,114.0322,-4.2097
early_oi,2026-09-17 17:30,KMNOUSDT,KMNO,KMNOUSDT,0.02748,19.227843,0.996591,0.593574,0.023083,0.076553,0.020295267778574155,8.125102152488441,0.0032751091703056012,0.006914119359534121,0.01055312954876264,0.015647743813682613,-0.0010917030567686448,0.8871906841339157,-0.04694323144104806,0.3275,0.6914,1.0553,1.5648,-0.1092,88.7191,-4.6943
early_oi,2026-09-21 00:30,KMNOUSDT,KMNO,KMNOUSDT,0.03009,41.598986,2.836577,1.030335,0.032956,0.037763,0.025784461311859186,5.079240794186377,0.03555998670654703,0.03954802259887025,0.06513791957460957,0.07942838152210041,0.18045862412761737,0.72349617813227,-0.005982053838484491,3.556,3.9548,6.5138,7.9428,18.0459,72.3496,-0.5982
early_oi,2026-09-23 08:30,KMNOUSDT,KMNO,KMNOUSDT,0.03459,12.249111,2.585799,1.142331,0.010812,0.009142,0.021340442140653337,3.6339317119547943,-0.004047412546978935,-0.010118531367447336,-0.0008673026886384383,0.02601908065915004,0.014744145706851564,0.499277247759468,-0.02110436542353289,-0.4047,-1.0119,-0.0867,2.6019,1.4744,49.9277,-2.1104
early_oi,2026-09-24 10:00,KMNOUSDT,KMNO,KMNOUSDT,0.03683,16.743118,2.246427,1.30789,0.019374,0.05767,0.03424689641930079,1.774717959939089,-0.00570187347271256,0.02470811838175413,0.02063535161553065,-0.004887320119467797,0.0029866956285635737,0.40809122997556346,-0.028237849579147434,-0.5702,2.4708,2.0635,-0.4887,0.2987,40.8091,-2.8238
early_oi,2026-09-03 02:00,KNCUSDT,KNC,KNCUSDT,0.1137,22.207195,0.631988,0.493083,0.015179,-0.016681,0.03510193153612473,1.3495960396351467,-0.0017590149516270026,-0.005277044854881119,-0.004397537379067673,-0.011433597185576017,0.0079155672823219,0.3808267370272649,-0.020228671943711474,-0.1759,-0.5277,-0.4398,-1.1434,0.7916,38.0827,-2.0229
early_oi,2026-09-12 10:30,KNCUSDT,KNC,KNCUSDT,0.1305,11.377942,1.495519,1.729808,0.012413,0.060033,0.013800898845782505,2.4196250923626614,0.009195402298850519,0.016091954022988464,0.03218390804597693,0.03601532567049803,0.06360153256704981,0.2030651340996168,-0.029118773946360088,0.9195,1.6092,3.2184,3.6015,6.3602,20.3065,-2.9119
early_oi,2026-09-13 08:15,KNCUSDT,KNC,KNCUSDT,0.1388,17.410582,2.980812,0.590674,0.022091,0.070978,0.05885653930723711,3.593252585291998,0.020172910662824117,0.03097982708933711,0.03530259365994226,0.028818443804034644,0.009365994236311126,0.13112391930835732,-0.08717579250720464,2.0173,3.098,3.5303,2.8818,0.9366,13.1124,-8.7176
early_oi,2026-09-15 18:15,KNCUSDT,KNC,KNCUSDT,0.1425,71.075895,0.483936,1.84494,0.057122,-0.023188,0.10783231231609824,13.02631429782213,-0.008421052631578774,-0.007017543859649145,0.01614035087719312,-0.01894736842105249,-0.07719298245614026,0.10175438596491237,-0.11087719298245602,-0.8421,-0.7018,1.614,-1.8947,-7.7193,10.1754,-11.0877
early_oi,2026-09-16 13:00,KNCUSDT,KNC,KNCUSDT,0.1403,11.037234,2.597954,2.202594,0.01593,0.00656,0.003283721839635101,1.0181884784451989,-0.0035637918745545782,-0.01282965074839626,-0.014967925873129118,-0.062009978617248884,-0.07056307911617976,0.11903064861012114,-0.09693513898788308,-0.3564,-1.283,-1.4968,-6.201,-7.0563,11.9031,-9.6935
early_oi,2026-10-03 08:15,KNCUSDT,KNC,KNCUSDT,0.1425,254.220198,1.026389,0.614711,0.030369,0.007283,0.05622523711624794,24.60210645879091,-0.0056140350877192935,0.004210526315789664,-0.0056140350877192935,0.011929824561403457,,0.021052631578947434,-0.009824561403508625,-0.5614,0.4211,-0.5614,1.193,,2.1053,-0.9825
early_oi,2026-09-05 10:15,KSMUSDT,KSM,KSMUSDT,3.75,10.946123,0.505762,0.414625,0.01626,0.016529,0.010614031824946801,5.6616447590714785,0.005333333333333412,0.008000000000000007,0.0,0.010666666666666602,0.016000000000000014,0.44000000000000017,-0.039999999999999925,0.5333,0.8,0.0,1.0667,1.6,44.0,-4.0
early_oi,2026-09-05 13:45,KSMUSDT,KSM,KSMUSDT,3.81,11.576992,1.012248,1.047538,0.013298,0.038674,0.018232048270155454,5.210093355600219,-0.002624671916010568,-0.005249343832021025,-0.02099737532808399,-0.02887139107611547,0.026246719160105014,0.41732283464566944,-0.055118110236220486,-0.2625,-0.5249,-2.0997,-2.8871,2.6247,41.7323,-5.5118
early_oi,2026-09-02 08:30,LAUSDT,LA,LAUSDT,0.0623,27.078486,0.366078,0.225854,0.038333,-0.027553,0.02494144863320713,4.350283913173505,0.057784911717496,0.0674157303370786,0.043338683788122,-0.024077046548956704,0.05617977528089879,0.3081861958266452,-0.0626003210272873,5.7785,6.7416,4.3339,-2.4077,5.618,30.8186,-6.26
early_oi,2026-09-04 08:15,LAUSDT,LA,LAUSDT,0.0672,14.568875,0.614543,0.668968,0.048362,-0.028788,0.03926583936575612,3.4642119116074523,0.0014880952380953438,-0.008928571428571286,0.016369047619047672,-0.011904761904761862,0.03571428571428581,0.21279761904761907,-0.13095238095238093,0.1488,-0.8929,1.6369,-1.1905,3.5714,21.2798,-13.0952
early_oi,2026-09-10 08:30,LAUSDT,LA,LAUSDT,0.0622,11.715908,0.39748,0.453252,0.013029,-0.014446,0.0036810868130747743,1.2637740969327478,0.003215434083601254,-0.004823151125401992,0.004823151125401992,0.012861736334405238,0.019292604501607746,0.31028938906752423,-0.03536977491961413,0.3215,-0.4823,0.4823,1.2862,1.9293,31.0289,-3.537
early_oi,2026-09-11 08:15,LAUSDT,LA,LAUSDT,0.0627,11.25705,1.182973,0.438,0.012924,0.02314,0.003779816239674938,1.823145319523897,0.011164274322168932,0.004784688995215225,-0.028708133971291905,-0.027113237639553533,0.019138755980861122,0.299840510366826,-0.04306220095693791,1.1164,0.4785,-2.8708,-2.7113,1.9139,29.9841,-4.3062
early_oi,2026-09-14 17:45,LAUSDT,LA,LAUSDT,0.0693,18.156042,0.477277,0.488833,0.035874,0.079032,0.017951946599709334,5.408574035373421,0.00721500721500723,0.008658008658008809,0.0043290043290042934,0.03463203463203457,-0.04040404040404033,0.176046176046176,-0.1341991341991342,0.7215,0.8658,0.4329,3.4632,-4.0404,17.6046,-13.4199
early_oi,2026-09-16 08:15,LAUSDT,LA,LAUSDT,0.0623,17.167516,1.150588,0.582825,0.016313,-0.14624,0.011378339851811026,2.6635956417404514,0.017656500802568198,0.02728731942215079,0.028892455858748,0.036918138041733606,0.0963081861958266,0.3081861958266452,-0.0032102728731941976,1.7657,2.7287,2.8892,3.6918,9.6308,30.8186,-0.321
early_oi,2026-09-17 08:15,LAUSDT,LA,LAUSDT,0.0683,20.324764,0.444834,0.554819,0.031722,0.079935,0.021319049373640597,4.816156525128102,0.01024890190336758,0.0014641288433383526,-0.007320644216691097,-0.014641288433382194,-0.029282576866764276,0.19326500732064433,-0.06442166910688141,1.0249,0.1464,-0.7321,-1.4641,-2.9283,19.3265,-6.4422
early_oi,2026-09-06 21:00,LAYERUSDT,LAYER,LAYERUSDT,0.0749,10.002796,0.286516,0.36456,0.020436,0.051576,0.05041979574869493,13.726270946239856,-0.002670226969292311,-0.013351134846461998,-0.006675567423230944,0.09078771695594123,-0.013351134846461998,0.20293724966622162,-0.1428571428571429,-0.267,-1.3351,-0.6676,9.0788,-1.3351,20.2937,-14.2857
early_oi,2026-09-28 08:15,LAYERUSDT,LAYER,LAYERUSDT,0.0858,50.840448,1.303568,1.352466,0.012987,0.032927,0.00554416965316995,1.997717844665933,-0.0011655011655011815,-0.015151515151515138,-0.02447552447552448,-0.06060606060606055,-0.05594405594405594,0.002331002331002141,-0.13286713286713292,-0.1166,-1.5152,-2.4476,-6.0606,-5.5944,0.2331,-13.2867
early_oi,2026-09-20 10:15,LDOUSDT,LDO,LDOUSDT,0.425,12.05956,0.963506,0.675398,0.01699,0.062818,0.007839460798156228,1.3385715630214705,-0.0011764705882353343,-0.025176470588235245,-0.03341176470588236,-0.02682352941176458,0.02070588235294135,0.19200000000000017,-0.10399999999999987,-0.1176,-2.5176,-3.3412,-2.6824,2.0706,19.2,-10.4
early_oi,2026-09-21 09:00,LDOUSDT,LDO,LDOUSDT,0.4497,15.508861,1.414826,1.308114,0.034507,0.042946,0.031818053505133115,8.47926923391877,-0.011340893929286167,-0.0011118523460084129,-0.03780297976428737,-0.04558594618634637,-0.0469201690015566,0.1265287969757618,-0.15321325327996438,-1.1341,-0.1112,-3.7803,-4.5586,-4.692,12.6529,-15.3213
early_oi,2026-09-01 09:45,LINEAUSDT,LINEA,LINEAUSDT,0.002576,16.386331,1.394332,0.607981,0.012579,0.035831,0.07062991459662027,40.85205345685838,0.006987577639751441,0.008152173913043459,0.0015527950310558758,0.005046583850931707,-0.03843167701863359,0.21467391304347805,-0.06715838509316774,0.6988,0.8152,0.1553,0.5047,-3.8432,21.4674,-6.7158
early_oi,2026-09-18 15:45,LINEAUSDT,LINEA,LINEAUSDT,0.002622,20.741819,1.085741,1.540321,0.011184,0.027745,0.01587889670936149,3.898809810531344,-0.004195270785659844,-0.006102212051869005,0.010297482837528404,0.005339435545385074,0.0404271548436308,0.19336384439359255,-0.007246376811594346,-0.4195,-0.6102,1.0297,0.5339,4.0427,19.3364,-0.7246
early_oi,2026-09-23 08:45,LINEAUSDT,LINEA,LINEAUSDT,0.002945,13.813772,1.59085,1.293843,0.014817,0.015395,0.010257583691473338,1.5029582074209693,-0.00339558573853993,-0.005772495755517859,-0.012903225806451757,-0.00339558573853993,-0.060441426146010224,0.062478777589134005,-0.08455008488964344,-0.3396,-0.5772,-1.2903,-0.3396,-6.0441,6.2479,-8.455
early_oi,2026-09-28 07:00,LINEAUSDT,LINEA,LINEAUSDT,0.002994,10.985058,2.588401,1.384455,0.01217,0.021056,0.010247650775970785,3.61103191367547,-0.004008016032064243,0.0016700066800265922,0.010020040080160442,-0.023046092184368705,-0.02872411489645965,0.04509018036072132,-0.09652638610554454,-0.4008,0.167,1.002,-2.3046,-2.8724,4.509,-9.6526
early_oi,2026-09-07 05:00,LINKUSDT,LINK,LINKUSDT,13.096,41.796627,1.127842,1.083532,0.023685,0.063513,0.007460916954272978,3.943008731090232,-0.0012981062919975583,-0.009544899205864432,-0.016188149053146028,0.004352474037874199,-0.024129505192425182,0.20471899816737937,-0.18929444105070248,-0.1298,-0.9545,-1.6188,0.4352,-2.413,20.4719,-18.9294
early_oi,2026-09-04 18:45,LISTAUSDT,LISTA,LISTAUSDT,0.0829,28.285466,1.615026,1.355288,0.086501,0.040928,0.06977011963133384,10.30641391116012,-0.02533172496984326,-0.027744270205066313,-0.059107358262967424,-0.10132689987937282,-0.016887816646562137,0.10977080820265384,-0.1905910735826296,-2.5332,-2.7744,-5.9107,-10.1327,-1.6888,10.9771,-19.0591
early_oi,2026-09-18 13:00,LISTAUSDT,LISTA,LISTAUSDT,0.0767,11.332078,0.525729,0.613758,0.017241,0.066478,0.0390680157542751,1.9221648857381162,0.024771838331160367,0.0325945241199479,0.014341590612776844,0.03780964797913944,0.0430247718383312,0.1994784876140807,-0.0013037809647979959,2.4772,3.2595,1.4342,3.781,4.3025,19.9478,-0.1304
early_oi,2026-09-22 01:00,LISTAUSDT,LISTA,LISTAUSDT,0.0853,13.993222,1.001798,0.968078,0.020335,0.027027,0.03970751966788155,12.552293502219932,0.003516998827667095,-0.004689331770222682,-0.030480656506447934,-0.026963657678780728,0.028135990621336537,0.0785463071512309,-0.09613130128956626,0.3517,-0.4689,-3.0481,-2.6964,2.8136,7.8546,-9.6131
early_oi,2026-09-04 08:00,LPTUSDT,LPT,LPTUSDT,1.435,46.084688,0.41563,0.622875,0.027201,0.063976,0.06534537250087435,32.11084291819815,0.059233449477351874,0.061324041811846586,0.0710801393728222,0.03554006968641121,0.010452961672473782,0.33240418118466897,-0.10801393728222997,5.9233,6.1324,7.108,3.554,1.0453,33.2404,-10.8014
early_oi,2026-09-09 08:30,LPTUSDT,LPT,LPTUSDT,1.526,13.525842,0.522522,0.592111,0.012608,0.022388,0.022499361016433683,2.3063221265200413,-0.007208387942333028,-0.02162516382699864,-0.022280471821756298,-0.02490170380078638,-0.05766710353866322,0.25294888597640885,-0.16120576671035391,-0.7208,-2.1625,-2.228,-2.4902,-5.7667,25.2949,-16.1206
early_oi,2026-09-22 01:15,LPTUSDT,LPT,LPTUSDT,1.737,13.532261,1.913612,2.430275,0.025989,0.062108,0.04044211598636638,7.366730870457023,0.0028785261945882823,-0.00863557858376518,0.00921128382268277,-0.0063327576280944875,-0.014392630972941967,0.10074841681059277,-0.08578008059873343,0.2879,-0.8636,0.9211,-0.6333,-1.4393,10.0748,-8.578
early_oi,2026-09-11 10:15,LSKUSDT,LSK,LSKUSDT,0.1248,10.929761,0.833366,1.16386,0.032258,0.078501,0.033595053903898275,2.6425722366030504,0.014423076923076872,-0.0024038461538461453,-0.022435897435897467,0.14423076923076938,0.5240384615384617,15.025641025641026,-0.05208333333333326,1.4423,-0.2404,-2.2436,14.4231,52.4038,1502.5641,-5.2083
early_oi,2026-09-24 10:45,LTCUSDT,LTC,LTCUSDT,64.87,11.355014,2.978963,2.474989,0.029029,0.009609,0.03845350291400096,6.109921425361607,0.01449051950053959,0.025897949745645077,0.03437644519808836,0.04516725759210716,0.09002620625867097,0.15615847078772926,-0.0007707723138586919,1.4491,2.5898,3.4376,4.5167,9.0026,15.6158,-0.0771
early_oi,2026-09-29 16:30,LUMIAUSDT,LUMIA,LUMIAUSDT,0.0927,18.166958,2.474888,0.210258,0.020925,0.053364,0.022403667918611703,8.900820683246419,-0.005393743257820938,-0.052858683926645056,-0.06364617044228693,-0.037756202804746564,-0.06256742179072272,0.003236245954692407,-0.11974110032362462,-0.5394,-5.2859,-6.3646,-3.7756,-6.2567,0.3236,-11.9741
early_oi,2026-09-30 07:30,LUMIAUSDT,LUMIA,LUMIAUSDT,0.0887,14.445208,0.171141,0.18381,0.014874,0.027027,0.023414078584576004,15.3355661438359,-0.011273957158962844,-0.005636978579481422,-0.01465614430665163,-0.03382187147688842,-0.041713641488162256,0.005636978579481422,-0.08004509582863584,-1.1274,-0.5637,-1.4656,-3.3822,-4.1714,0.5637,-8.0045
early_oi,2026-09-07 19:00,LUNCUSDT,LUNC,1000LUNCUSDT,5.3e-05,10.972001,0.391474,0.43799,0.025705,-0.012595,0.04228574918389483,15.307662937648614,-0.0020727341247408493,-0.003957037874505409,0.0374976446203128,0.02317693612210281,0.013755417373280565,0.09120030148860003,-0.12059543998492561,-0.2073,-0.3957,3.7498,2.3177,1.3755,9.12,-12.0595
early_oi,2026-09-21 00:15,LUNCUSDT,LUNC,1000LUNCUSDT,5.4e-05,51.136311,0.972841,0.620882,0.042386,0.003464,0.11482565382626997,11.430092636226332,0.05096596136154563,0.020975160993560227,0.017111315547378103,0.014351425942962237,0.014719411223551138,0.0655013799448021,-0.05685372585096593,5.0966,2.0975,1.7111,1.4351,1.4719,6.5501,-5.6854
early_oi,2026-09-23 05:15,LUNCUSDT,LUNC,1000LUNCUSDT,5.7e-05,19.722328,1.452483,0.883415,0.013419,0.009939,0.028980372877428717,1.1933426867050727,-0.0031779661016949623,-0.0065324858757062065,-0.0065324858757062065,-0.0019420903954802116,-0.0669138418079096,0.022422316384180796,-0.09498587570621464,-0.3178,-0.6532,-0.6532,-0.1942,-6.6914,2.2422,-9.4986
early_oi,2026-09-14 00:15,MAGICUSDT,MAGIC,MAGICUSDT,0.0471,10.954984,2.377931,0.874006,0.012903,0.056818,0.0477228152075555,18.001621282051076,-0.010615711252653925,-0.014861995753715607,-0.02547770700636942,-0.0424628450106157,-0.0573248407643312,0.4692144373673035,-0.13588110403397036,-1.0616,-1.4862,-2.5478,-4.2463,-5.7325,46.9214,-13.5881
early_oi,2026-09-23 00:15,MAGICUSDT,MAGIC,MAGICUSDT,0.0516,23.975971,0.268878,0.54097,0.032,0.01833,0.05388357981072778,13.53997027162282,-0.0174418604651162,-0.0174418604651162,-0.0174418604651162,-0.029069767441860517,-0.03875968992248069,0.3410852713178294,-0.0852713178294574,-1.7442,-1.7442,-1.7442,-2.907,-3.876,34.1085,-8.5271
early_oi,2026-09-23 06:15,MAGICUSDT,MAGIC,MAGICUSDT,0.0526,23.853591,0.5334,0.757986,0.029354,0.034413,0.07911368047080525,17.259658844739228,-0.0038022813688212143,-0.0076045627376425395,-0.0076045627376425395,-0.019011406844106515,-0.07224334600760451,0.3155893536121672,-0.1026615969581749,-0.3802,-0.7605,-0.7605,-1.9011,-7.2243,31.5589,-10.2662
early_oi,2026-10-02 14:15,MAGICUSDT,MAGIC,MAGICUSDT,0.0576,25.050811,1.731449,1.731449,0.051095,0.022388,0.027284001008955894,3.1892730770170816,-0.02430555555555558,-0.03645833333333326,-0.02430555555555558,0.046875,0.0277777777777779,0.20138888888888884,-0.03819444444444442,-2.4306,-3.6458,-2.4306,4.6875,2.7778,20.1389,-3.8194
early_oi,2026-09-13 14:30,MANAUSDT,MANA,MANAUSDT,0.0787,10.258578,0.943453,1.432546,0.015484,0.058743,0.011378247703665467,2.5461985468178576,-0.0025412960609911828,-0.0050825921219823655,-0.0050825921219823655,-0.017789072426937946,-0.02541296060991105,0.4764930114358321,-0.11054637865311312,-0.2541,-0.5083,-0.5083,-1.7789,-2.5413,47.6493,-11.0546
early_oi,2026-09-19 08:15,MANAUSDT,MANA,MANAUSDT,0.0796,47.488169,0.51353,0.598596,0.010152,0.0563,0.07123403417005747,23.41702295600131,0.005025125628140614,0.0,0.0012562814070349315,0.01633165829145722,0.041457286432160734,0.4597989949748742,-0.007537688442211143,0.5025,0.0,0.1256,1.6332,4.1457,45.9799,-0.7538
early_oi,2026-10-02 15:15,MANAUSDT,MANA,MANAUSDT,0.0947,144.640594,1.745614,0.90241,0.048726,0.003333,0.028581396450841012,8.008346650556353,0.026399155227032622,0.05279831045406547,0.0675818373812036,0.09714889123548054,,0.22703273495248144,-0.008447729672650617,2.6399,5.2798,6.7582,9.7149,,22.7033,-0.8448
early_oi,2026-09-04 11:00,MANTAUSDT,MANTA,MANTAUSDT,0.06005,17.911386,0.143846,0.049258,0.027198,0.020244,0.09909408429378419,2.1821560127145165,0.0033305578684430515,0.0038301415487094204,0.007993338884263235,-0.010990840965861781,0.01398834304746055,0.23147377185678608,-0.08759367194004997,0.3331,0.383,0.7993,-1.0991,1.3988,23.1474,-8.7594
early_oi,2026-09-20 23:45,MANTAUSDT,MANTA,MANTAUSDT,0.06862,20.001164,1.724583,0.918804,0.013589,0.049938,0.029335205350487392,3.841367652065989,0.014573010784028062,0.00845234625473612,0.01646750218595172,-0.0034975225881668237,0.03162343340134077,0.07767414747886914,-0.04721655494025079,1.4573,0.8452,1.6468,-0.3498,3.1623,7.7674,-4.7217
early_oi,2026-09-25 15:00,MANTRAUSDT,MANTRA,MANTRAUSDT,0.0047,14.32035,1.156152,0.976525,0.019523,0.042986,0.0050316148427898,1.208185183683846,0.006382978723404209,-0.004255319148936176,0.006382978723404209,-0.0021276595744681437,0.01276595744680864,0.05531914893617018,-0.08936170212765959,0.6383,-0.4255,0.6383,-0.2128,1.2766,5.5319,-8.9362
early_oi,2026-09-21 08:15,MASKUSDT,MASK,MASKUSDT,0.485,405.108299,0.806483,0.564795,0.038544,-0.016842,0.09654011437411292,10.646495813532244,0.012371134020618513,0.008247422680412342,-0.004123711340206171,-0.004123711340206171,-0.0020618556701030855,0.04742268041237119,-0.08865979381443301,1.2371,0.8247,-0.4124,-0.4124,-0.2062,4.7423,-8.866
early_oi,2026-10-02 20:00,MASKUSDT,MASK,MASKUSDT,0.492,13.300861,2.128295,0.743104,0.02714,0.021322,0.027091570831986767,12.901373347337382,0.014227642276422703,0.012195121951219523,0.008130081300812941,0.014227642276422703,,0.03252032520325199,-0.05487804878048774,1.4228,1.2195,0.813,1.4228,,3.252,-5.4878
early_oi,2026-09-26 20:15,MAVUSDT,MAV,MAVUSDT,0.0128,26.770984,2.587992,0.682007,0.020734,0.051132,0.017693103804762744,3.6258733142867974,-0.013281250000000022,0.005468749999999911,-0.01953125,-0.020312499999999956,-0.006249999999999978,0.024218749999999956,-0.125,-1.3281,0.5469,-1.9531,-2.0312,-0.625,2.4219,-12.5
early_oi,2026-09-27 23:00,MAVUSDT,MAV,MAVUSDT,0.01271,13.165178,1.036226,0.671212,0.011943,0.008835,0.010300598347622092,3.27143218426285,0.0031471282454758054,-0.006294256490952055,-0.0015735641227381247,0.0,-0.059008654602675126,0.03147128245476005,-0.1188040912667192,0.3147,-0.6294,-0.1574,0.0,-5.9009,3.1471,-11.8804
early_oi,2026-09-01 09:15,METISUSDT,METIS,METISUSDT,2.83,12.655974,1.113024,0.665032,0.03663,0.022472,0.045673917925162844,7.094327893150605,-0.010600706713780994,-0.010600706713780994,-0.042402826855123754,-0.028268551236749095,-0.0565371024734983,0.36042402826855113,-0.0742049469964664,-1.0601,-1.0601,-4.2403,-2.8269,-5.6537,36.0424,-7.4205
early_oi,2026-09-03 16:45,METISUSDT,METIS,METISUSDT,2.73,11.912893,0.686891,0.499019,0.011111,-0.010989,0.004626079003593686,1.1522277875487328,-0.003663003663003539,-0.003663003663003539,-0.003663003663003539,0.0,0.0,0.41025641025641035,-0.02564102564102555,-0.3663,-0.3663,-0.3663,0.0,0.0,41.0256,-2.5641
early_oi,2026-09-06 07:30,METISUSDT,METIS,METISUSDT,2.89,22.646236,0.743157,0.329135,0.017606,0.04797,0.09570953107953528,1.1356975957843214,0.0034602076124565784,0.01384083044982698,0.0,0.03114186851211076,0.24221453287197225,0.33217993079584773,-0.05536332179930803,0.346,1.3841,0.0,3.1142,24.2215,33.218,-5.5363
early_oi,2026-09-18 00:30,METISUSDT,METIS,METISUSDT,3.04,18.495319,0.845391,1.260131,0.013333,0.079137,0.003970322861230002,1.4762423205834097,0.0,-0.013157894736842146,-0.013157894736842146,-0.013157894736842146,0.0592105263157896,0.25,-0.02631578947368418,0.0,-1.3158,-1.3158,-1.3158,5.9211,25.0,-2.6316
early_oi,2026-09-18 10:30,METISUSDT,METIS,METISUSDT,3.12,13.77584,0.541306,0.541306,0.022951,0.044521,0.01603121005274999,7.242653115793096,0.0032051282051281937,0.0,0.0,0.019230769230769162,0.03205128205128216,0.21794871794871784,-0.012820512820512886,0.3205,0.0,0.0,1.9231,3.2051,21.7949,-1.2821
early_oi,2026-09-21 07:00,METISUSDT,METIS,METISUSDT,3.48,67.626074,1.67654,0.673371,0.054545,0.006098,0.148378757635792,61.20794520208311,-0.008620689655172376,-0.014367816091953922,-0.054597701149425304,-0.031609195402298784,0.01724137931034475,0.09195402298850563,-0.10632183908045978,-0.8621,-1.4368,-5.4598,-3.1609,1.7241,9.1954,-10.6322
early_oi,2026-09-27 15:15,METISUSDT,METIS,METISUSDT,3.65,15.285389,1.793491,0.863039,0.022409,0.068862,0.037585318200436646,4.011482562493226,0.008219178082191858,0.021917808219177992,-0.002739726027397249,0.005479452054794498,-0.0273972602739726,0.041095890410958846,-0.1479452054794521,0.8219,2.1918,-0.274,0.5479,-2.7397,4.1096,-14.7945
early_oi,2026-09-06 14:00,METUSDT,MET,METUSDT,0.2086,10.845635,0.663601,2.358311,0.059959,0.05297,0.120016763478074,23.757009288774604,-0.020613614573346095,-0.024448705656759495,-0.02732502396931935,-0.02253116011505274,-0.003835091083413178,0.9793863854266538,-0.07766059443911799,-2.0614,-2.4449,-2.7325,-2.2531,-0.3835,97.9386,-7.7661
early_oi,2026-09-07 20:30,METUSDT,MET,METUSDT,0.2286,22.662076,0.664286,0.486193,0.091691,-0.007583,0.15628813039133882,19.94602860453485,-0.08223972003499569,-0.07786526684164485,-0.07742782152230965,-0.13954505686789143,-0.1487314085739283,0.8062117235345581,-0.15835520559930016,-8.224,-7.7865,-7.7428,-13.9545,-14.8731,80.6212,-15.8355
early_oi,2026-09-10 08:00,METUSDT,MET,METUSDT,0.2103,11.748858,0.820527,0.544044,0.022363,0.055955,0.16819461359721433,7.740418599821285,-0.015216357584403095,-0.012838801711840153,-0.024251069900142586,-0.030908226343318912,0.00903471231573949,0.9633856395625298,-0.07988587731811692,-1.5216,-1.2839,-2.4251,-3.0908,0.9035,96.3386,-7.9886
early_oi,2026-09-11 12:15,METUSDT,MET,METUSDT,0.2245,16.537179,0.8164,0.645157,0.043701,0.055447,0.05264680667970967,1.1897785535293184,0.01247216035634735,0.04097995545657018,0.015590200445434244,0.08463251670378624,-0.008908685968819552,0.8391982182628062,-0.13808463251670378,1.2472,4.098,1.559,8.4633,-0.8909,83.9198,-13.8085
early_oi,2026-09-19 20:30,METUSDT,MET,METUSDT,0.2699,11.258276,1.281286,1.07184,0.040077,0.056596,0.044737261721699007,9.174004798472744,-0.010744720266765317,0.011115227862171118,-0.003705075954057113,-0.013338273434605363,-0.08114116339384947,0.5298258614301594,-0.09003334568358634,-1.0745,1.1115,-0.3705,-1.3338,-8.1141,52.9826,-9.0033
early_oi,2026-09-28 21:30,METUSDT,MET,METUSDT,0.3347,10.541932,2.136215,1.999947,0.019494,-0.076512,0.06640067444319331,9.706442824553896,0.0,-0.012548550941141268,-0.03525545264415886,-0.019719151478936325,-0.029279952195996328,0.029279952195996328,-0.1565581117418584,0.0,-1.2549,-3.5255,-1.9719,-2.928,2.928,-15.6558
early_oi,2026-09-07 16:15,MINAUSDT,MINA,MINAUSDT,0.0798,44.494321,0.526853,0.375418,0.044503,0.018667,0.014610722834357937,3.615588370363874,0.005012531328320691,0.012531328320801949,0.04761904761904767,0.01754385964912286,0.03258145363408538,1.129072681704261,-0.018796992481203034,0.5013,1.2531,4.7619,1.7544,3.2581,112.9073,-1.8797
early_oi,2026-09-09 15:15,MINAUSDT,MINA,MINAUSDT,0.0893,32.701588,2.905737,1.985899,0.020571,0.076261,0.029729581193345123,5.461603319682612,0.0011198208286673506,-0.0033594624860023847,-0.011198208286674172,0.03807390817469214,0.03135498320268759,0.902575587905935,-0.12318029115341556,0.112,-0.3359,-1.1198,3.8074,3.1355,90.2576,-12.318
early_oi,2026-09-09 08:15,MIRAUSDT,MIRA,MIRAUSDT,0.05474,13.159696,0.607477,0.376087,0.068306,0.069282,0.10736541587214088,20.322914789884944,0.05937157471684329,-0.01735476799415414,0.04402630617464376,-0.10668615272195836,-0.05772743880160758,0.08512970405553544,-0.21501644135915232,5.9372,-1.7355,4.4026,-10.6686,-5.7727,8.513,-21.5016
early_oi,2026-09-15 08:15,MIRAUSDT,MIRA,MIRAUSDT,0.0485,12.837086,0.196358,0.075469,0.010627,0.019545,0.020711162434004615,2.529109992654844,0.016494845360824684,0.01690721649484539,0.035257731958762806,0.003298969072164981,-0.07113402061855678,0.20329896907216494,-0.11402061855670098,1.6495,1.6907,3.5258,0.3299,-7.1134,20.3299,-11.4021
early_oi,2026-09-05 01:45,MITOUSDT,MITO,MITOUSDT,0.01812,20.761574,1.996478,2.043553,0.04438,-0.023635,0.013383138595878252,2.5127515407158856,-0.004966887417218513,-0.02593818984547469,-0.03918322295805754,-0.04139072847682124,-0.02428256070640178,0.013245033112582849,-0.3763796909492274,-0.4967,-2.5938,-3.9183,-4.1391,-2.4283,1.3245,-37.638
early_oi,2026-09-20 21:45,MITOUSDT,MITO,MITOUSDT,0.01646,55.140168,2.245803,2.692131,0.075817,0.030997,0.06882005487219067,18.503310649773038,-0.024301336573511412,-0.07047387606318345,-0.047387606318347486,-0.06743620899149438,-0.002430133657351008,0.052247873633049835,-0.10631834750911284,-2.4301,-7.0474,-4.7388,-6.7436,-0.243,5.2248,-10.6318
early_oi,2026-10-02 05:00,MITOUSDT,MITO,MITOUSDT,0.01597,12.695798,0.429788,0.296748,0.018495,0.034983,0.0059815429317831015,5.353823580447754,0.0,-0.004383218534752653,-0.009392611145898622,-0.006887914840325804,-0.029430181590482274,0.033813400125234816,-0.049467752035065815,0.0,-0.4383,-0.9393,-0.6888,-2.943,3.3813,-4.9468
early_oi,2026-09-01 04:15,MORPHOUSDT,MORPHO,MORPHOUSDT,2.673,10.647013,1.311888,2.691753,0.010586,0.059696,0.003493799001873965,2.4483082339774502,0.013468013468013407,0.0037411148522259463,-0.00486344930789373,-0.0579872802095025,-0.045641601197156656,0.11522633744855959,-0.23569023569023562,1.3468,0.3741,-0.4863,-5.7987,-4.5642,11.5226,-23.569
early_oi,2026-09-18 07:15,MORPHOUSDT,MORPHO,MORPHOUSDT,2.236,10.595727,0.674499,0.967467,0.012681,0.068215,0.012713559013258546,3.8373484229072496,-0.006708407871198641,-0.008944543828264817,-0.007155635062611854,0.030411449016100045,0.10330948121645789,0.3331842576028621,-0.011180679785331105,-0.6708,-0.8945,-0.7156,3.0411,10.3309,33.3184,-1.1181
early_oi,2026-09-18 09:15,MORPHOUSDT,MORPHO,MORPHOUSDT,2.282,15.399406,1.417487,0.99411,0.015576,0.068982,0.004277402827629562,1.0988055241669639,0.002629272567922669,-0.004820333041192004,-0.0017528483786152238,0.021034180543382908,0.15293602103418036,0.3063102541630147,-0.007011393514461006,0.2629,-0.482,-0.1753,2.1034,15.2936,30.631,-0.7011
early_oi,2026-09-24 21:30,MORPHOUSDT,MORPHO,MORPHOUSDT,2.849,40.29186,2.453376,2.426136,0.028891,0.067875,0.0335027091493465,7.263506515265133,0.01298701298701288,0.01368901368901354,0.025623025623025653,-0.00947700947700958,-0.014391014391014534,0.04633204633204624,-0.1526851526851527,1.2987,1.3689,2.5623,-0.9477,-1.4391,4.6332,-15.2685
early_oi,2026-10-03 09:00,MOVEUSDT,MOVE,MOVEUSDT,0.010535,12.60965,1.70106,0.816369,0.020141,-0.00921,0.02771193720617804,2.4100579495194987,-0.025344091124822055,-0.03141907925961085,-0.01879449454200266,-0.0238253440911248,,0.0018984337921215122,-0.036829615567157026,-2.5344,-3.1419,-1.8794,-2.3825,,0.1898,-3.683
early_oi,2026-09-23 03:15,MOVRUSDT,MOVR,MOVRUSDT,0.973,20.058578,0.264436,0.424325,0.088367,0.024055,0.07118243901890842,22.49811576509415,-0.029804727646454254,-0.050359712230215736,-0.05549845837615619,-0.03494347379239471,-0.12024665981500515,2.432682425488181,-0.1294964028776978,-2.9805,-5.036,-5.5498,-3.4943,-12.0247,243.2682,-12.9496
early_oi,2026-09-25 13:00,MOVRUSDT,MOVR,MOVRUSDT,0.965,12.283588,0.475703,0.283525,0.029883,0.052809,0.05947906989680507,13.379124613404851,0.012435233160621673,0.007253886010362809,-0.006217616580310836,0.033160621761658016,0.006217616580310947,2.461139896373057,-0.034196891191709766,1.2435,0.7254,-0.6218,3.3161,0.6218,246.114,-3.4197
early_oi,2026-09-07 07:30,MTLUSDT,MTL,MTLUSDT,0.249,13.112435,0.157691,0.027791,0.012195,0.008197,0.014715191599670163,5.233325640268024,-0.004016064257028162,-0.004016064257028162,-0.004016064257028162,-0.012048192771084376,-0.02008032128514059,0.7389558232931728,-0.04016064257028118,-0.4016,-0.4016,-0.4016,-1.2048,-2.008,73.8956,-4.0161
early_oi,2026-09-09 23:45,MTLUSDT,MTL,MTLUSDT,0.255,13.009369,2.003914,1.435808,0.011905,0.037037,0.015522035767289166,1.206712001630031,-0.019607843137254943,-0.0039215686274509665,-0.0117647058823529,-0.03137254901960784,-0.04313725490196085,0.6980392156862745,-0.06274509803921569,-1.9608,-0.3922,-1.1765,-3.1373,-4.3137,69.8039,-6.2745
early_oi,2026-09-12 10:15,MTLUSDT,MTL,MTLUSDT,0.266,35.279568,2.430229,1.417749,0.043137,0.053719,0.031024746642260848,9.6409506078904,0.0,-0.007518796992481258,-0.011278195488721776,0.007518796992481258,0.1428571428571428,0.6278195488721803,-0.02631578947368418,0.0,-0.7519,-1.1278,0.7519,14.2857,62.782,-2.6316
early_oi,2026-09-19 20:00,MTLUSDT,MTL,MTLUSDT,0.306,53.891102,0.271403,0.795088,0.037288,0.035088,0.016901873793409017,1.0755047136220859,-0.0032679738562091387,-0.006535947712418277,0.0,-0.006535947712418277,-0.016339869281045805,0.20163398692810475,-0.042483660130719025,-0.3268,-0.6536,0.0,-0.6536,-1.634,20.1634,-4.2484
early_oi,2026-09-02 22:30,MUBARAKUSDT,MUBARAK,MUBARAKUSDT,0.02459,20.745973,2.568018,1.273563,0.062662,0.067836,0.026373957176290874,4.037132215524459,0.0008133387555917526,0.006913379422529564,0.07279381862545753,0.07848718991459935,0.16632777551850353,2.560390402602684,-0.03131354209028059,0.0813,0.6913,7.2794,7.8487,16.6328,256.039,-3.1314
early_oi,2026-09-28 17:15,MUBARAKUSDT,MUBARAK,MUBARAKUSDT,0.0587,14.994756,2.255809,2.356643,0.07195,0.007173,0.02092195293184762,3.5544787546852343,0.02913117546848376,0.061328790459965976,0.020442930153321992,0.024020442930153152,0.06047700170357739,0.18858603066439517,-0.037137989778535,2.9131,6.1329,2.0443,2.402,6.0477,18.8586,-3.7138
early_oi,2026-09-08 23:15,NEARUSDT,NEAR,NEARUSDT,2.406,13.927071,1.757138,1.053595,0.020789,-0.000848,0.009848662765834737,1.3220169274041753,0.0037406483790523026,0.0016625103906899863,-0.009559434746467255,-0.021197007481296826,0.0731504571903574,1.3183707398171238,-0.06234413965087293,0.3741,0.1663,-0.9559,-2.1197,7.315,131.8371,-6.2344
early_oi,2026-09-11 20:45,NEARUSDT,NEAR,NEARUSDT,2.534,22.842245,1.309212,1.214877,0.034708,0.015761,0.01641424005758485,2.34255388373127,0.017363851617995252,0.026440410418311133,0.03551696921862679,0.019337016574585864,-0.06432517758484602,1.201262825572218,-0.10615627466456179,1.7364,2.644,3.5517,1.9337,-6.4325,120.1263,-10.6156
early_oi,2026-09-18 11:30,NEIROUSDT,NEIRO,NEIROUSDT,8.9e-05,11.62599,0.790788,0.812334,0.041841,0.069159,0.06043953819309755,7.168301032382753,-0.008054592236267921,-0.005929074840586135,-0.009285154939031148,-0.01845844054144763,0.03132341425215346,0.13726367602640122,-0.049110638773911974,-0.8055,-0.5929,-0.9285,-1.8458,3.1323,13.7264,-4.9111
early_oi,2026-09-20 00:30,NEIROUSDT,NEIRO,NEIROUSDT,9.6e-05,12.270417,0.468547,0.648095,0.037049,0.010919,0.007956415394068994,3.1087604940780453,-0.02708051244662013,-0.020102072700760365,0.006978439745859877,-0.01374856785751477,-0.07030517654411006,0.05884803666284766,-0.114675554629726,-2.7081,-2.0102,0.6978,-1.3749,-7.0305,5.8848,-11.4676
early_oi,2026-09-21 23:00,NEIROUSDT,NEIRO,NEIROUSDT,9.7e-05,12.020694,2.571943,2.137359,0.03748,0.076437,0.004104698844064725,3.100909086225386,0.010189378344998001,-0.010909839440098712,0.03386167146974062,-0.0004116920543433267,-0.017085220255249056,0.046315356113626915,-0.12515438452037864,1.0189,-1.091,3.3862,-0.0412,-1.7085,4.6315,-12.5154
early_oi,2026-09-29 17:00,NEIROUSDT,NEIRO,NEIROUSDT,9.4e-05,14.147492,1.732211,1.084926,0.020364,0.066174,0.0447278272310665,14.043766159711732,-0.01125265392781305,-0.014437367303609339,-0.010084925690021174,0.001698513800424628,-0.010828025477707004,0.0374734607218683,-0.0770700636942675,-1.1253,-1.4437,-1.0085,0.1699,-1.0828,3.7473,-7.707
early_oi,2026-10-02 12:45,NEIROUSDT,NEIRO,NEIROUSDT,9.6e-05,11.788941,0.556453,0.498538,0.019701,0.01168,0.021715670122277153,4.669029508832814,-0.008621585125168862,-0.01755479380907854,-0.01651604861327516,0.010179702918874156,-0.05816973096499434,0.01516567985873074,-0.09691492676846358,-0.8622,-1.7555,-1.6516,1.018,-5.817,1.5166,-9.6915
early_oi,2026-09-19 20:00,NEOUSDT,NEO,NEOUSDT,2.433,11.752993,1.060539,1.266573,0.019271,0.055261,0.01633979953634368,1.3106798876096133,-0.008631319358816225,-0.015207562679819153,-0.016851623510069857,-0.01726263871763245,-0.0308261405672009,0.13604603370324697,-0.040690505548705236,-0.8631,-1.5208,-1.6852,-1.7263,-3.0826,13.6046,-4.0691
early_oi,2026-10-02 17:45,NEOUSDT,NEO,NEOUSDT,2.722,70.289348,0.909114,0.716738,0.05832,0.021446,0.13010937127789757,36.60441088737461,-0.016899338721528268,-0.038207200587803136,-0.04408523144746512,-0.025716385011021248,,0.0007347538574578039,-0.09625275532696542,-1.6899,-3.8207,-4.4085,-2.5716,,0.0735,-9.6253
early_oi,2026-09-10 08:30,NEWTUSDT,NEWT,NEWTUSDT,0.04488,22.83498,0.364036,0.512919,0.010583,-0.004706,0.01294668530017895,13.8386053619522,0.019385026737967825,-0.0037878787878788955,0.017379679144384985,0.03877005347593587,-0.044786096256684615,0.3495989304812832,-0.12366310160427818,1.9385,-0.3788,1.738,3.877,-4.4786,34.9599,-12.3663
early_oi,2026-09-23 13:45,NIGHTUSDT,NIGHT,NIGHTUSDT,0.02545,15.805901,0.620925,0.637984,0.02291,0.041004,0.011467768261555156,6.863557277259025,-0.025540275049115935,-0.030648330058939077,-0.033005893909626716,-0.04557956777996075,-0.06876227897838905,1.0656188605108055,-0.10609037328094306,-2.554,-3.0648,-3.3006,-4.558,-6.8762,106.5619,-10.609
early_oi,2026-09-21 01:30,NILUSDT,NIL,NILUSDT,0.05378,13.096131,1.650274,0.259091,0.049776,0.024395,0.10253065559489039,20.204990252231628,0.02008181480104132,0.052621792487913766,0.0732614354778729,0.1770174786165859,0.16586091483822996,1.7798438081071026,-0.016362960208255783,2.0082,5.2622,7.3261,17.7017,16.5861,177.9844,-1.6363
early_oi,2026-09-05 20:30,NMRUSDT,NMR,NMRUSDT,9.37,11.784696,2.727802,0.557615,0.015168,0.02784,0.055462799650867645,8.376631488736328,0.0010672358591250486,0.01067235859124871,0.03948772678762014,0.09498399146211312,0.01707577374599789,0.6542155816435433,-0.08964781216648876,0.1067,1.0672,3.9488,9.4984,1.7076,65.4216,-8.9648
early_oi,2026-09-24 03:45,NOMUSDT,NOM,NOMUSDT,0.001834,12.94565,2.848291,1.57231,0.028027,0.043275,0.010353192975277148,1.8155659700265299,-0.005452562704471031,0.0414394765539805,0.04961832061068705,0.0719738276990185,0.23718647764449297,0.7808069792802617,-0.02726281352235549,-0.5453,4.1439,4.9618,7.1974,23.7186,78.0807,-2.7263
early_oi,2026-09-14 23:45,NOTUSDT,NOT,NOTUSDT,0.000461,14.001159,2.35581,2.980139,0.019912,0.036697,0.022097822897252595,3.5793328765576544,0.002169197396963085,0.0,0.013015184381778733,0.008676789587852562,-0.030368763557483636,0.16268980477223427,-0.10195227765726678,0.2169,0.0,1.3015,0.8677,-3.0369,16.269,-10.1952
early_oi,2026-09-15 14:15,NOTUSDT,NOT,NOTUSDT,0.000466,11.206049,2.114513,1.467505,0.024176,0.036446,0.026174433802512498,6.403078469861788,-0.012875536480686622,-0.012875536480686622,-0.0193133047210301,-0.030042918454935674,-0.10085836909871249,0.15021459227467826,-0.11158798283261806,-1.2876,-1.2876,-1.9313,-3.0043,-10.0858,15.0215,-11.1588
early_oi,2026-09-27 09:30,NOTUSDT,NOT,NOTUSDT,0.000535,15.625645,1.413918,0.831713,0.030829,0.052738,0.06385410213881793,12.597707937603742,-0.00747663551401867,-0.0261682242990654,-0.03551401869158888,-0.04299065420560755,-0.031775700934579376,0.0018691588785046953,-0.10280373831775702,-0.7477,-2.6168,-3.5514,-4.2991,-3.1776,0.1869,-10.2804
early_oi,2026-09-28 00:15,NOTUSDT,NOT,NOTUSDT,0.000526,22.933498,1.320643,1.258476,0.017408,0.013725,0.01564875716244618,1.075700981757696,-0.0038022813688212143,-0.0038022813688212143,0.005703422053231932,-0.0038022813688212143,-0.057034220532319324,0.009505703422053147,-0.0874524714828897,-0.3802,-0.3802,0.5703,-0.3802,-5.7034,0.9506,-8.7452
early_oi,2026-09-26 03:00,OGNUSDT,OGN,OGNUSDT,0.02129,10.819134,2.669499,1.499821,0.029995,0.047112,0.09320509707785085,9.266108164286248,0.007515265382808778,0.019727571629873264,0.009394081728510972,-0.007515265382808889,-0.002348520432127854,0.09441052137153605,-0.10427430718647246,0.7515,1.9728,0.9394,-0.7515,-0.2349,9.4411,-10.4274
early_oi,2026-09-11 23:45,OGUSDT,OG,OGUSDT,2.745,16.27022,2.813711,1.918263,0.021585,0.020897,0.03784995363476629,1.4002514905550039,-0.010928961748634003,-0.00036429872495447047,-0.0014571948998178819,-0.01748633879781425,-0.004007285974499175,0.0925318761384335,-0.04735883424408005,-1.0929,-0.0364,-0.1457,-1.7486,-0.4007,9.2532,-4.7359
early_oi,2026-09-24 20:15,ONDOUSDT,ONDO,ONDOUSDT,0.4628,88.117694,2.124415,2.776172,0.080551,-0.015629,0.17944080906047755,3.0244201746968744,-0.01707000864304231,-0.017718236819360356,0.013612791702679372,0.1192739844425239,0.17588591184096813,0.31568712186689707,-0.03003457216940353,-1.707,-1.7718,1.3613,11.9274,17.5886,31.5687,-3.0035
early_oi,2026-09-17 07:00,ONEUSDT,ONE,ONEUSDT,0.000758,23.826593,0.125821,0.181887,0.129657,-0.013235,0.1945898692005541,84.04286291065114,0.05804749340369386,0.2084432717678102,0.4300791556728232,0.45646437994722944,2.063324538258575,5.848284960422164,-0.01846965699208447,5.8047,20.8443,43.0079,45.6464,206.3325,584.8285,-1.847
early_oi,2026-09-20 09:15,ONGUSDT,ONG,ONGUSDT,0.09003,14.81179,0.192458,0.078094,0.085091,0.049456,0.04817902764793969,11.327766101291243,0.005442630234366419,-0.0013328890369875834,-0.010552038209485692,-0.009441297345329391,-0.031433966455625906,0.110518715983561,-0.12606908808175055,0.5443,-0.1333,-1.0552,-0.9441,-3.1434,11.0519,-12.6069
early_oi,2026-09-26 08:15,ONTUSDT,ONT,ONTUSDT,0.06006,47.686992,0.320886,0.202579,0.010941,0.031245,0.0018974486141420943,6.9619916472122005,-0.006993006993007089,-0.010656010656010628,-0.010656010656010628,-0.0146520146520146,-0.020146520146520186,0.032800532800532745,-0.07875457875457881,-0.6993,-1.0656,-1.0656,-1.4652,-2.0147,3.2801,-7.8755
early_oi,2026-09-18 22:30,OPENUSDT,OPEN,OPENUSDT,0.1456,14.021258,1.003539,0.329024,0.02319,0.047865,0.04041417577663631,7.586756079935704,-0.004120879120879217,0.0,-0.010989010989011061,-0.008241758241758323,0.018543956043955978,0.04052197802197788,-0.15796703296703296,-0.4121,0.0,-1.0989,-0.8242,1.8544,4.0522,-15.7967
early_oi,2026-10-02 13:00,OPENUSDT,OPEN,OPENUSDT,0.1353,10.426597,1.347142,0.698201,0.03125,0.010008,0.025014928103379575,15.266797880209399,-0.007390983000739149,-0.01552106430155209,-0.019955654101995624,-0.014781966001478186,-0.043606799704360766,0.005173688100517326,-0.09386548410938655,-0.7391,-1.5521,-1.9956,-1.4782,-4.3607,0.5174,-9.3865
early_oi,2026-09-21 13:30,OPGUSDT,OPG,OPGUSDT,0.1265,14.139694,0.111895,0.446881,0.025953,0.073107,0.0779083317781144,25.20205499475169,-0.010276679841897174,0.026086956521739202,-0.011067193675889375,0.07905138339920947,0.05138339920948631,0.20079051383399205,-0.056126482213438744,-1.0277,2.6087,-1.1067,7.9051,5.1383,20.0791,-5.6126
early_oi,2026-09-01 06:00,OPUSDT,OP,OPUSDT,0.0915,15.394855,1.815021,1.792912,0.012168,0.018018,0.020164975890056613,2.259570084518056,-0.003278688524590123,-0.006557377049180357,0.005464480874316946,0.04699453551912569,0.04590163934426217,0.6502732240437159,-0.010928961748633892,-0.3279,-0.6557,0.5464,4.6995,4.5902,65.0273,-1.0929
early_oi,2026-09-30 20:45,OPUSDT,OP,OPUSDT,0.1346,13.008425,2.12253,2.233617,0.018925,-0.011967,0.007520554700348292,4.519247136290327,0.002971768202080227,0.005200594353640398,-0.014115898959880968,-0.013372956909361022,-0.040861812778603346,0.010401188707281017,-0.0832095096582467,0.2972,0.5201,-1.4116,-1.3373,-4.0862,1.0401,-8.321
early_oi,2026-09-06 11:30,ORCAUSDT,ORCA,ORCAUSDT,1.347,25.395581,1.281946,0.3454,0.023556,0.037037,0.0261117072744812,5.572675995573099,0.020786933927245732,0.024498886414253906,0.00445434298440972,-0.010393466963622866,0.19079435783221976,0.380846325167038,-0.04974016332590936,2.0787,2.4499,0.4454,-1.0393,19.0794,38.0846,-4.974
early_oi,2026-09-12 08:15,ORCAUSDT,ORCA,ORCAUSDT,1.494,11.298477,1.416931,1.069528,0.0191,0.043416,0.023748380195863117,1.0451532966146142,-0.027443105756358666,-0.029451137884872858,-0.02409638554216864,-0.02878179384203472,-0.047523427041499255,0.24497991967871502,-0.14323962516733602,-2.7443,-2.9451,-2.4096,-2.8782,-4.7523,24.498,-14.324
early_oi,2026-09-15 20:00,ORCAUSDT,ORCA,ORCAUSDT,1.387,24.006644,0.283613,0.785054,0.013148,0.027007,0.0656190637680294,13.508211109544984,-0.0007209805335256503,-0.005046863734679219,-0.008651766402307137,-0.046142754145638065,-0.05551550108147074,0.3410237923576065,-0.07714491708723858,-0.0721,-0.5047,-0.8652,-4.6143,-5.5516,34.1024,-7.7145
early_oi,2026-09-27 16:15,ORCAUSDT,ORCA,ORCAUSDT,1.779,32.301654,1.561082,0.931394,0.035506,0.050122,0.033199859404899,3.401658041848575,-0.012928611579539062,-0.015177065767284947,-0.026981450252950956,-0.006745362563237767,-0.04440697020798201,0.045531197301855064,-0.12478920741989885,-1.2929,-1.5177,-2.6981,-0.6745,-4.4407,4.5531,-12.4789
early_oi,2026-09-27 00:15,ORDIUSDT,ORDI,ORDIUSDT,5.199,30.055526,2.33995,0.720038,0.05435,0.064321,0.12331721348188807,20.183020609155736,0.029428736295441515,0.0019234468166955399,-0.022311983073667996,-0.0684747066743604,-0.0711675322177342,0.036160800153875794,-0.1536834006539718,2.9429,0.1923,-2.2312,-6.8475,-7.1168,3.6161,-15.3683
early_oi,2026-09-29 00:30,PARTIUSDT,PARTI,PARTIUSDT,0.0275,12.009476,1.257246,1.30103,0.045627,0.0,0.0166537443797794,8.84588532313121,0.014545454545454639,0.0,0.0,-0.0036363636363636598,-0.043636363636363584,0.040000000000000036,-0.08000000000000007,1.4545,0.0,0.0,-0.3636,-4.3636,4.0,-8.0
early_oi,2026-10-02 14:00,PARTIUSDT,PARTI,PARTIUSDT,0.028,13.772523,0.464721,0.831864,0.029412,0.018727,0.014154987890101722,3.8960826231455425,-0.014285714285714346,-0.0071428571428572285,-0.014285714285714346,0.0035714285714285587,-0.0071428571428572285,0.017857142857142794,-0.07142857142857151,-1.4286,-0.7143,-1.4286,0.3571,-0.7143,1.7857,-7.1429
early_oi,2026-09-06 14:00,PENDLEUSDT,PENDLE,PENDLEUSDT,2.123,15.634957,1.810186,1.759919,0.023133,0.07513,0.031832964917475115,10.887532887055485,-0.0032972209138012465,-0.007065473386716925,0.005652378709373407,-0.004710315591144765,-0.017428167687235208,0.31794630240226085,-0.09420631182289219,-0.3297,-0.7065,0.5652,-0.471,-1.7428,31.7946,-9.4206
early_oi,2026-09-11 20:45,PENDLEUSDT,PENDLE,PENDLEUSDT,2.046,11.255281,0.767102,0.382929,0.023512,0.006039,0.010772122535191997,7.610474276291116,0.026881720430107503,0.022482893450635588,0.02346041055718473,0.01270772238514195,0.05913978494623651,0.3675464320625612,-0.028347996089931438,2.6882,2.2483,2.346,1.2708,5.914,36.7546,-2.8348
early_oi,2026-09-23 01:30,PENGUUSDT,PENGU,PENGUUSDT,0.009399,12.900746,2.943579,2.880712,0.012823,0.074074,0.0285133722861326,2.337250186313116,0.009894669645707177,0.009681881051175845,0.0337269922332164,0.08905202681136304,0.027981700180870428,0.1876795403766358,-0.08032769443557808,0.9895,0.9682,3.3727,8.9052,2.7982,18.768,-8.0328
early_oi,2026-09-30 19:00,PENGUUSDT,PENGU,PENGUUSDT,0.010292,14.571133,0.874482,0.963931,0.023876,0.050475,0.050406843213868235,5.737487717506897,-0.0070928876797512475,-0.010396424407306815,-0.018460940536338954,-0.03857364943645569,-0.05373105324523919,0.031092110376991666,-0.160124368441508,-0.7093,-1.0396,-1.8461,-3.8574,-5.3731,3.1092,-16.0124
early_oi,2026-10-02 12:30,PENGUUSDT,PENGU,PENGUUSDT,0.00985,13.843515,1.085299,0.711404,0.026149,-0.030404,0.02618636174997291,1.3123317119734557,0.007106598984771617,0.010152284263959421,0.008020304568528092,0.0128934010152284,-0.09776649746192878,0.02406091370558383,-0.12243654822335015,0.7107,1.0152,0.802,1.2893,-9.7766,2.4061,-12.2437
early_oi,2026-09-03 23:15,PEOPLEUSDT,PEOPLE,PEOPLEUSDT,0.00833,11.196532,1.819271,1.101093,0.010922,0.045685,0.01772920294046476,2.4213369789784855,0.0024009603841534943,0.01680672268907557,0.021608643457383003,0.02280912364945964,-0.0648259303721489,0.19207683073229287,-0.1320528211284514,0.2401,1.6807,2.1609,2.2809,-6.4826,19.2077,-13.2053
early_oi,2026-09-21 16:45,PEPEUSDT,PEPE,1000PEPEUSDT,4e-06,11.478702,1.64003,0.961342,0.014706,0.02,0.03374617731955731,3.2627671444980013,0.0024154589371980784,0.0,0.019323671497584627,0.02657004830917864,0.21497584541062809,0.2946859903381642,-0.019323671497584516,0.2415,0.0,1.9324,2.657,21.4976,29.4686,-1.9324
early_oi,2026-09-30 20:45,PEPEUSDT,PEPE,1000PEPEUSDT,4e-06,14.886778,1.189152,0.690145,0.018391,0.009281,0.00897960378471585,2.9499781018333255,0.0,0.009029345372460584,-0.011286681715575564,-0.013544018058690765,-0.006772009029345272,0.07223476297968401,-0.08126410835214448,0.0,0.9029,-1.1287,-1.3544,-0.6772,7.2235,-8.1264
early_oi,2026-09-06 23:00,PHAUSDT,PHA,PHAUSDT,0.0274,13.475518,2.557369,0.654311,0.041825,0.01938,0.1827640177391623,53.80211090758533,0.007299270072992581,0.007299270072992581,0.029197080291970767,0.0036496350364962904,-0.021897810218978075,2.6751824817518246,-0.13868613138686137,0.7299,0.7299,2.9197,0.365,-2.1898,267.5182,-13.8686
early_oi,2026-09-09 16:30,PHAUSDT,PHA,PHAUSDT,0.0279,13.25262,1.34233,1.66022,0.021978,0.038023,0.00572510039443519,1.5347805608282605,0.010752688172043001,0.02508960573476693,0.043010752688172005,0.014336917562723928,-0.05376344086021512,2.6093189964157704,-0.15412186379928317,1.0753,2.509,4.3011,1.4337,-5.3763,260.9319,-15.4122
early_oi,2026-09-24 19:45,PHAUSDT,PHA,PHAUSDT,0.0499,12.165273,2.248363,2.282509,0.018367,0.027254,0.02651971790435481,1.4816445854912605,0.02004008016032066,0.044088176352705455,0.06412825651302612,0.004008016032064132,0.31462925851703427,1.0180360721442887,-0.030060120240480992,2.004,4.4088,6.4128,0.4008,31.4629,101.8036,-3.006
early_oi,2026-09-25 13:45,PHAUSDT,PHA,PHAUSDT,0.0547,39.81018,1.480584,0.93791,0.078895,0.076433,0.09148588779610778,4.437025832189256,-0.023765996343692808,0.018281535648994485,0.01645338208409508,0.05301645338208405,0.586837294332724,0.8409506398537476,-0.05667276051188297,-2.3766,1.8282,1.6453,5.3016,58.6837,84.0951,-5.6673
early_oi,2026-09-25 01:45,PIXELUSDT,PIXEL,PIXELUSDT,0.00594,73.425738,2.452675,1.872312,0.066427,0.045028,0.08939457271178952,38.293533676460434,0.02188552188552184,-0.013468013468013518,-0.03535353535353536,-0.03535353535353536,0.020202020202020332,0.11952861952861937,-0.0824915824915825,2.1886,-1.3468,-3.5354,-3.5354,2.0202,11.9529,-8.2492
early_oi,2026-10-01 23:15,PIXELUSDT,PIXEL,PIXELUSDT,0.0059,15.729697,0.855159,0.389747,0.02253,-0.013675,0.020895622930765523,1.137323821096392,-0.006779661016949157,-0.016949152542372947,-0.008474576271186418,-0.006779661016949157,0.03898305084745757,0.1135593220338984,-0.025423728813559365,-0.678,-1.6949,-0.8475,-0.678,3.8983,11.3559,-2.5424
early_oi,2026-09-06 01:15,PNUTUSDT,PNUT,PNUTUSDT,0.0512,18.630023,1.213761,0.307358,0.030181,0.033264,0.0506980024805086,12.325304424073295,0.013671875,0.00390625,0.0,-0.009765625,-0.009765625,0.15625,-0.166015625,1.3672,0.3906,0.0,-0.9766,-0.9766,15.625,-16.6016
early_oi,2026-09-30 12:15,PNUTUSDT,PNUT,PNUTUSDT,0.0536,14.436475,0.60132,0.446384,0.011321,0.029126,0.0011750817387148338,1.2218402170580984,0.005597014925373234,0.005597014925373234,0.0,0.003731343283582156,0.02425373134328357,0.04850746268656714,-0.03731343283582089,0.5597,0.5597,0.0,0.3731,2.4254,4.8507,-3.7313
early_oi,2026-09-04 14:30,POLUSDT,POL,POLUSDT,0.09489,13.84217,1.769051,0.534493,0.012052,0.005254,0.007550859346278305,2.175182402464018,-0.0012646221941196023,0.0034777110338286565,-0.0038992517652017833,-0.01043313310148597,-0.0013700073769628007,0.3217409632205712,-0.05153335441036999,-0.1265,0.3478,-0.3899,-1.0433,-0.137,32.1741,-5.1533
early_oi,2026-09-18 01:30,POLUSDT,POL,POLUSDT,0.10127,22.823222,2.934727,1.62753,0.022207,0.065498,0.007209594608630798,2.972562754537899,-0.0013824429742272937,-0.006912214871136468,-0.0239952601955169,-0.03949837069220896,0.0026661400217242726,0.2384714130542116,-0.046608077416806615,-0.1382,-0.6912,-2.3995,-3.9498,0.2666,23.8471,-4.6608
early_oi,2026-09-29 20:15,POLUSDT,POL,POLUSDT,0.12166,16.305361,2.688004,0.480836,0.018331,0.05084,0.03726078591067039,5.391102097762265,0.020877856320894228,0.026549399967121357,0.028768699654775576,-0.023014959723820616,-0.03509781357882635,0.030905803057701853,-0.14532303139898073,2.0878,2.6549,2.8769,-2.3015,-3.5098,3.0906,-14.5323
early_oi,2026-09-05 20:45,POLYXUSDT,POLYX,POLYXUSDT,0.036,29.038107,0.208072,0.244978,0.022727,-0.008451,0.0688639339773578,21.418967327594192,0.01388888888888884,0.005555555555555758,0.011111111111111294,-0.002777777777777657,0.025000000000000133,0.3666666666666667,-0.0444444444444444,1.3889,0.5556,1.1111,-0.2778,2.5,36.6667,-4.4444
early_oi,2026-09-06 19:30,POLYXUSDT,POLYX,POLYXUSDT,0.0371,18.25939,1.750364,0.531125,0.013661,0.039773,0.014527244991590527,3.4201809917880013,0.008086253369272267,0.005390835579514697,0.0,-0.008086253369272267,-0.010781671159029615,0.3261455525606469,-0.07277628032345018,0.8086,0.5391,0.0,-0.8086,-1.0782,32.6146,-7.2776
early_oi,2026-09-13 08:15,POLYXUSDT,POLYX,POLYXUSDT,0.0393,213.888219,2.877839,0.477361,0.059299,0.06,0.006807471984699998,3.7642246769141527,-0.030534351145038108,-0.01526717557251922,0.01781170483460559,0.058524173027989734,-0.022900763358778775,0.25190839694656475,-0.05343511450381688,-3.0534,-1.5267,1.7812,5.8524,-2.2901,25.1908,-5.3435
early_oi,2026-09-15 08:15,POLYXUSDT,POLYX,POLYXUSDT,0.041,48.034197,1.3744,1.398091,0.032746,0.010178,0.04155649725380228,5.610865003370999,0.03170731707317054,0.034146341463414664,0.02195121951219514,-0.03414634146341455,-0.04390243902439028,0.14390243902439015,-0.09268292682926838,3.1707,3.4146,2.1951,-3.4146,-4.3902,14.3902,-9.2683
early_oi,2026-09-16 08:15,POLYXUSDT,POLYX,POLYXUSDT,0.0392,16.392827,1.803699,1.866172,0.015544,-0.027708,0.011534467827392092,1.2845865701783161,-0.010204081632652962,-0.005102040816326481,-0.005102040816326481,0.010204081632653184,-0.025510204081632626,0.1964285714285714,-0.05102040816326536,-1.0204,-0.5102,-0.5102,1.0204,-2.551,19.6429,-5.102
early_oi,2026-09-03 15:00,PORTALUSDT,PORTAL,PORTALUSDT,0.01511,16.777596,0.436315,0.200386,0.038488,0.051301,0.022301189725088433,10.984205160095753,-0.007279947054930513,0.012574454003970725,0.0019854401058900795,-0.033090668431502324,0.03573792190602254,0.4460622104566514,-0.05559232296492389,-0.728,1.2574,0.1985,-3.3091,3.5738,44.6062,-5.5592
early_oi,2026-09-10 01:45,PORTALUSDT,PORTAL,PORTALUSDT,0.01948,16.189313,0.304164,0.38267,0.131243,0.048721,0.24670747049587227,17.804551287152087,-0.07032854209445583,-0.0800821355236141,-0.11088295687885019,-0.1463039014373717,-0.13706365503080098,0.12166324435318288,-0.2227926078028747,-7.0329,-8.0082,-11.0883,-14.6304,-13.7064,12.1663,-22.2793
early_oi,2026-10-01 18:45,PORTALUSDT,PORTAL,PORTALUSDT,0.0183,10.842016,2.548102,0.17919,0.012728,0.046929,0.033993065575036896,2.369684273521062,-0.015300546448087426,-0.02841530054644803,-0.03551912568306015,-0.0169398907103826,-0.024043715846994496,0.02841530054644803,-0.06448087431693994,-1.5301,-2.8415,-3.5519,-1.694,-2.4044,2.8415,-6.4481
early_oi,2026-10-01 23:15,PORTALUSDT,PORTAL,PORTALUSDT,0.01837,13.381965,0.989481,1.144328,0.013797,0.048005,0.014119675122807429,7.356924529415378,-0.020685900925421996,-0.028851388132825173,-0.024496461622210308,-0.019597169297768002,-0.019597169297768002,0.008709853021230396,-0.06804572672836151,-2.0686,-2.8851,-2.4496,-1.9597,-1.9597,0.871,-6.8046
early_oi,2026-09-13 08:15,POWRUSDT,POWR,POWRUSDT,0.0721,376.504499,1.130928,0.37521,0.273852,0.05597,0.29250774687256986,81.0459585997627,-0.002773925104022079,0.006934812760055475,0.11511789181692089,0.12760055478502075,-0.19278779472954222,0.29819694868238567,-0.21081830790568656,-0.2774,0.6935,11.5118,12.7601,-19.2788,29.8197,-21.0818
early_oi,2026-09-15 08:15,POWRUSDT,POWR,POWRUSDT,0.0631,27.665306,1.089053,0.400973,0.064081,-0.052716,0.06614464399344655,2.713162102044709,0.0015847860538826808,0.02852614896988892,-0.05071315372424723,-0.058637083993660855,0.033280507131537185,0.1711568938193342,-0.07131537242472274,0.1585,2.8526,-5.0713,-5.8637,3.3281,17.1157,-7.1315
early_oi,2026-09-15 18:15,POWRUSDT,POWR,POWRUSDT,0.0654,53.89477,1.009746,2.090253,0.068627,-0.0347,0.048324349202513384,2.1456687536021657,0.001529051987767538,-0.04434250764525993,-0.04740061162079512,-0.05504587155963303,-0.06269113149847094,0.1299694189602445,-0.08409785932721714,0.1529,-4.4343,-4.7401,-5.5046,-6.2691,12.9969,-8.4098
early_oi,2026-09-23 13:00,POWRUSDT,POWR,POWRUSDT,0.0721,38.798675,2.534688,0.242447,0.044928,0.079812,0.038095778484395826,8.693667616300115,-0.012482662968099856,-0.04438280166435504,-0.01664355062413303,-0.03190013869625519,-0.05963938973647709,0.020804438280166426,-0.11789181692094308,-1.2483,-4.4383,-1.6644,-3.19,-5.9639,2.0804,-11.7892
early_oi,2026-09-10 09:15,PROVEUSDT,PROVE,PROVEUSDT,0.1943,14.252618,2.731827,1.118538,0.011979,0.006289,0.01886795608727132,2.9407522039326564,-0.006176016469377266,-0.00514668039114774,-0.0015440041173442332,-0.014410705095213583,-0.02985074626865669,0.5234173957797219,-0.08440555841482245,-0.6176,-0.5147,-0.1544,-1.4411,-2.9851,52.3417,-8.4406
early_oi,2026-09-17 17:15,PROVEUSDT,PROVE,PROVEUSDT,0.1872,54.414817,0.828357,0.429498,0.028571,-0.006008,0.17521246813280955,2.443492715480253,0.008012820512820484,0.005876068376068355,0.018162393162393098,0.02350427350427342,0.0657051282051282,0.5811965811965811,-0.00213675213675224,0.8013,0.5876,1.8162,2.3504,6.5705,58.1197,-0.2137
early_oi,2026-09-30 19:15,PUNDIXUSDT,PUNDIX,PUNDIXUSDT,0.1259,35.145699,0.338852,0.787305,0.035362,0.027027,0.009598847516231857,5.234657027095942,-0.00079428117553626,0.0015885623510720759,-0.017474185861795166,-0.001588562351072298,-0.03812549642573482,0.01429706115965046,-0.0691024622716443,-0.0794,0.1589,-1.7474,-0.1589,-3.8125,1.4297,-6.9102
early_oi,2026-09-22 18:15,QNTUSDT,QNT,QNTUSDT,68.45,10.728717,2.389753,2.628143,0.012424,0.019451,0.025903363770855226,6.0320913618516165,0.002337472607742752,0.0032140248356464785,0.013878743608473298,0.059167275383491535,0.09627465303140981,4.4492330168005845,-0.005989773557341094,0.2337,0.3214,1.3879,5.9167,9.6275,444.9233,-0.599
early_oi,2026-09-04 23:15,QTUMUSDT,QTUM,QTUMUSDT,0.858,10.68885,0.47788,0.484956,0.015385,0.002372,0.0113803508778767,2.2438790595935565,-0.0034965034965035446,-0.00815850815850816,-0.0034965034965035446,-0.006993006993006978,0.005827505827505908,0.2634032634032635,-0.023310023310023298,-0.3497,-0.8159,-0.3497,-0.6993,0.5828,26.3403,-2.331
early_oi,2026-09-18 15:30,QTUMUSDT,QTUM,QTUMUSDT,0.936,21.402768,0.137648,0.400889,0.04,0.033295,0.03135913057725004,8.892105510346733,-0.009615384615384581,-0.012820512820512886,-0.005341880341880323,-0.022435897435897467,0.005341880341880323,0.15811965811965822,-0.024572649572649596,-0.9615,-1.2821,-0.5342,-2.2436,0.5342,15.812,-2.4573
early_oi,2026-09-25 10:00,QTUMUSDT,QTUM,QTUMUSDT,1.022,20.076575,0.350464,0.205351,0.01996,0.048117,0.026643858445250412,4.110054052481325,0.0009784735812132794,0.0,-0.006849315068493289,-0.006849315068493289,0.021526418786692814,0.0606653620352251,-0.06947162426614484,0.0978,0.0,-0.6849,-0.6849,2.1526,6.0665,-6.9472
early_oi,2026-09-01 15:30,REDUSDT,RED,REDUSDT,0.1094,33.931128,0.864078,0.502306,0.026266,-0.040504,0.01869252702649904,3.4274492501728764,0.013711151736745864,0.006398537477148247,0.01279707495429605,0.001828153564899404,0.01279707495429605,0.7321755027422303,-0.011882998171846348,1.3711,0.6399,1.2797,0.1828,1.2797,73.2176,-1.1883
early_oi,2026-09-03 09:00,REDUSDT,RED,REDUSDT,0.1179,19.691194,0.314057,0.306558,0.032399,-0.005226,0.015251836994873536,1.60829752613065,0.020356234096692072,0.034775233248515613,0.04834605597964381,0.07209499575911793,0.027989821882951738,0.6072943172179812,-0.03223070398642924,2.0356,3.4775,4.8346,7.2095,2.799,60.7294,-3.2231
early_oi,2026-09-03 13:00,REDUSDT,RED,REDUSDT,0.1264,22.664304,0.901753,1.83998,0.084979,0.036477,0.08041406923421479,19.83516323001297,-0.05537974683544311,-0.053797468354430444,-0.044303797468354444,-0.05696202531645578,-0.044303797468354444,0.49920886075949356,-0.081487341772152,-5.538,-5.3797,-4.4304,-5.6962,-4.4304,49.9209,-8.1487
early_oi,2026-09-22 04:30,RENDERUSDT,RENDER,RENDERUSDT,1.846,10.862703,2.943067,2.315834,0.014286,0.078199,0.01418006180591802,3.4296610432953196,-0.00650054171180936,0.004333694474539573,0.01300108342361872,0.010834236186348933,-0.0048754062838570755,0.1348862405200435,-0.09046587215601298,-0.6501,0.4334,1.3001,1.0834,-0.4875,13.4886,-9.0466
early_oi,2026-10-02 00:45,RESOLVUSDT,RESOLV,RESOLVUSDT,0.02016,57.956464,0.572258,0.697666,0.062731,-0.002629,0.1163760812041148,30.155588486150133,0.021329365079365115,-0.005952380952381042,-0.020337301587301626,-0.004960317460317443,0.00694444444444442,0.30208333333333326,-0.05406746031746035,2.1329,-0.5952,-2.0337,-0.496,0.6944,30.2083,-5.4067
early_oi,2026-10-02 07:15,RESOLVUSDT,RESOLV,RESOLVUSDT,0.02044,18.698413,1.216748,2.43381,0.031802,0.058226,0.03582661716721991,6.541348927531278,0.0004892367906066397,0.0009784735812132794,-0.003424657534246589,0.045499021526418826,-0.005870841487279788,0.28424657534246567,-0.06702544031311153,0.0489,0.0978,-0.3425,4.5499,-0.5871,28.4247,-6.7025
early_oi,2026-10-03 12:45,RESOLVUSDT,RESOLV,RESOLVUSDT,0.02103,17.543512,1.283283,1.121018,0.031894,-0.070679,0.005582128193861724,2.099815052507144,0.04612458392772223,0.06562054208273893,0.11126961483594866,,,0.24821683309557763,-0.022824536376604865,4.6125,6.5621,11.127,,,24.8217,-2.2825
early_oi,2026-09-06 04:15,REZUSDT,REZ,REZUSDT,0.003187,15.109411,0.176062,0.227039,0.033063,0.024577,0.020996591146821952,11.662260217696668,0.014747411358644325,-0.00627549419516793,-0.011923438970819045,-0.01663005961719488,-0.03545654220269856,0.6175086288045182,-0.07499215563225603,1.4747,-0.6275,-1.1923,-1.663,-3.5457,61.7509,-7.4992
early_oi,2026-09-07 19:15,REZUSDT,REZ,REZUSDT,0.003241,12.035441,0.599013,0.531237,0.027258,0.017742,0.11241761807317885,41.26980068027599,0.036717062634989306,0.014501697007096581,0.015118790496760237,-0.014501697007096581,-0.018512804689910567,0.5905584696081456,-0.0904041962357297,3.6717,1.4502,1.5119,-1.4502,-1.8513,59.0558,-9.0404
early_oi,2026-09-10 12:45,REZUSDT,REZ,REZUSDT,0.003354,250.902681,0.718867,0.758327,0.076035,-0.007957,0.31838426930964747,17.357631627568573,0.11508646392367305,0.12641621943947512,0.026535480023851976,0.04472271914132375,-0.08407871198568873,0.5369707811568276,-0.12104949314251645,11.5086,12.6416,2.6535,4.4723,-8.4079,53.6971,-12.1049
early_oi,2026-09-05 13:45,RLCUSDT,RLC,RLCUSDT,0.3202,23.634128,0.077799,0.019152,0.015863,0.00864,0.038917300559502044,15.736040451298072,0.02092442223610247,0.024359775140537332,0.02998126171143034,0.018425983760149922,0.0012492192379762734,0.21361648969394142,-0.1911305434103685,2.0924,2.436,2.9981,1.8426,0.1249,21.3616,-19.1131
early_oi,2026-09-26 04:00,RLCUSDT,RLC,RLCUSDT,0.3564,14.778428,0.52672,0.82936,0.047927,0.007405,0.07442298093847,21.950041320569625,0.04236812570145898,0.03759820426487104,-0.02076318742985417,-0.005331088664422001,0.0277777777777779,0.09034792368125699,-0.06762065095398428,4.2368,3.7598,-2.0763,-0.5331,2.7778,9.0348,-6.7621
early_oi,2026-09-13 22:45,RONINUSDT,RONIN,RONINUSDT,0.0548,31.746354,1.17754,0.570137,0.020484,0.03668,0.033640853565268136,11.32415347823191,0.007299270072992581,-0.021897810218978075,-0.021897810218978075,-0.014598540145985495,0.038321167883211604,0.3156934306569341,-0.15693430656934315,0.7299,-2.1898,-2.1898,-1.4599,3.8321,31.5693,-15.6934
early_oi,2026-09-14 12:00,RONINUSDT,RONIN,RONINUSDT,0.0557,15.478173,1.80954,1.720936,0.018282,0.030132,0.015947622416419227,2.437903200307639,-0.010771992818671361,-0.0053859964093357915,-0.007181328545780907,-0.016157989228007152,0.02872531418312385,0.29443447037701964,-0.1705565529622981,-1.0772,-0.5386,-0.7181,-1.6158,2.8725,29.4434,-17.0557
early_oi,2026-09-14 20:30,RONINUSDT,RONIN,RONINUSDT,0.0569,19.386023,1.925723,0.843986,0.025225,0.045198,0.09705549497135801,26.816266152622354,-0.0035149384885764245,0.017574692442882345,0.019332161687170446,0.033391915641476366,-0.024604569420035083,0.26713532513181026,-0.18804920913884005,-0.3515,1.7575,1.9332,3.3392,-2.4605,26.7135,-18.8049
early_oi,2026-09-21 23:15,RONINUSDT,RONIN,RONINUSDT,0.0638,47.926378,1.308355,1.379478,0.027375,0.076256,0.006903651097352137,1.459700023261739,-0.0015673981191220987,0.0015673981191222097,0.0031347962382446415,-0.01097178683385569,-0.021943573667711602,0.1300940438871474,-0.12382445141065823,-0.1567,0.1567,0.3135,-1.0972,-2.1944,13.0094,-12.3824
early_oi,2026-09-25 12:45,RONINUSDT,RONIN,RONINUSDT,0.0636,25.413469,0.778639,1.561794,0.046053,0.044674,0.054850253461774745,14.265122783534641,-0.00786163522012584,-0.018867924528301994,-0.014150943396226356,-0.011006289308176154,0.028301886792452713,0.13364779874213828,-0.07232704402515733,-0.7862,-1.8868,-1.4151,-1.1006,2.8302,13.3648,-7.2327
early_oi,2026-09-26 02:45,RONINUSDT,RONIN,RONINUSDT,0.0678,24.450509,1.058648,2.408055,0.030395,0.073409,0.06699877010567157,12.273179235946737,-0.002949852507374673,-0.008849557522123908,-0.013274336283185861,-0.03539823008849552,-0.020648967551622377,0.06342182890855463,-0.12979351032448383,-0.295,-0.885,-1.3274,-3.5398,-2.0649,6.3422,-12.9794
early_oi,2026-09-26 18:15,RONINUSDT,RONIN,RONINUSDT,0.0671,10.275698,1.619934,0.941127,0.022866,-0.019432,0.008033062144355174,1.5196028481570916,-0.007451564828613977,-0.005961251862891426,-0.011922503725782518,-0.02086438152011938,-0.026825633383010583,0.07451564828613999,-0.12071535022354707,-0.7452,-0.5961,-1.1923,-2.0864,-2.6826,7.4516,-12.0715
early_oi,2026-10-02 17:45,RONINUSDT,RONIN,RONINUSDT,0.0699,11.998498,2.921063,2.093061,0.014514,0.064915,0.011874057227618362,1.1931535221080836,-0.0028612303290416197,-0.014306151645207432,-0.0042918454935623185,0.0014306151645206988,,0.03147353361945626,-0.10729613733905585,-0.2861,-1.4306,-0.4292,0.1431,,3.1474,-10.7296
early_oi,2026-09-06 04:00,ROSEUSDT,ROSE,ROSEUSDT,0.00686,23.73348,0.877959,0.61873,0.017804,0.058085,0.026018871687788714,6.161062598450934,-0.008746355685131268,-0.011661807580174988,-0.007288629737609242,-0.005830903790087438,0.07725947521865884,0.40379008746355693,-0.11224489795918369,-0.8746,-1.1662,-0.7289,-0.5831,7.7259,40.379,-11.2245
early_oi,2026-09-06 18:30,ROSEUSDT,ROSE,ROSEUSDT,0.00726,18.550609,2.031752,1.435346,0.041607,0.041854,0.05886946955973649,14.670844037014968,0.008264462809917328,0.012396694214876103,0.02892561983471076,-0.037190082644628086,-0.019283746556473913,0.32644628099173545,-0.16115702479338845,0.8264,1.2397,2.8926,-3.719,-1.9284,32.6446,-16.1157
early_oi,2026-09-07 00:45,ROSEUSDT,ROSE,ROSEUSDT,0.00733,17.86589,1.368968,2.9712,0.020891,0.057437,0.06075595636608311,12.829109213155435,0.015006821282401273,0.019099590723056004,0.023192360163710735,-0.00545702592087316,-0.04229195088676663,0.31377899045020463,-0.16916780354706684,1.5007,1.91,2.3192,-0.5457,-4.2292,31.3779,-16.9168
early_oi,2026-09-23 01:15,ROSEUSDT,ROSE,ROSEUSDT,0.00793,14.951538,2.695431,1.33788,0.024548,0.0,0.029457367184389183,3.079920184183057,-0.003783102143757766,-0.01261034047919285,-0.006305170239596425,0.020176544766708826,-0.0390920554854981,0.21437578814628,-0.06179066834804525,-0.3783,-1.261,-0.6305,2.0177,-3.9092,21.4376,-6.1791
early_oi,2026-09-29 21:45,ROSEUSDT,ROSE,ROSEUSDT,0.00932,39.859537,2.682396,1.724982,0.018579,0.062718,0.10351384867159585,16.457421203760667,0.017167381974249052,0.010729613733905463,0.0042918454935623185,-0.035407725321888406,-0.02467811158798272,0.03326180257510725,-0.14592274678111594,1.7167,1.073,0.4292,-3.5408,-2.4678,3.3262,-14.5923
early_oi,2026-09-10 00:30,RPLUSDT,RPL,RPLUSDT,1.784,32.938309,2.945816,0.330998,0.041448,-0.006957,0.1490985845140811,24.68897958346105,-0.005044843049327397,-0.0022421524663677195,0.011210762331838486,-0.05100896860986548,-0.07118834080717484,0.22253363228699552,-0.12219730941704032,-0.5045,-0.2242,1.1211,-5.1009,-7.1188,22.2534,-12.2197
early_oi,2026-09-26 03:00,RPLUSDT,RPL,RPLUSDT,2.106,26.099141,0.10794,0.394262,0.032859,0.030839,0.06868304438472572,20.878897949691495,-0.0018993352326686086,0.003323836657169954,-0.008072174738841364,-0.006647673314339908,0.00902184235517578,0.035612535612535634,-0.11728395061728392,-0.1899,0.3324,-0.8072,-0.6648,0.9022,3.5613,-11.7284
early_oi,2026-09-29 18:00,RPLUSDT,RPL,RPLUSDT,2.045,12.120019,0.194135,0.154118,0.036493,0.020165,0.056585423301471094,11.745680449628049,-0.0004889975550121939,0.0019559902200489976,0.009779951100244544,-0.006356968215158854,-0.0317848410757946,0.01173594132029332,-0.09095354523227384,-0.0489,0.1956,0.978,-0.6357,-3.1785,1.1736,-9.0954
early_oi,2026-09-29 20:45,RPLUSDT,RPL,RPLUSDT,2.032,13.104839,2.926003,1.852461,0.015492,0.014192,0.037639710330123144,7.15028923719176,-0.006397637795275579,-0.001476377952756014,-0.002460629921259838,-0.026574803149606363,-0.017224409448818867,0.009350393700787496,-0.08513779527559062,-0.6398,-0.1476,-0.2461,-2.6575,-1.7224,0.935,-8.5138
early_oi,2026-09-20 00:15,RSRUSDT,RSR,RSRUSDT,0.001641,11.075764,1.205818,2.429866,0.024345,0.055336,0.021897132599074443,7.4186596848779764,0.013406459475929333,-0.01218769043266299,-0.01950030469226094,-0.0030469226081657474,-0.039000609384521656,0.11700182815356475,-0.060329067641682,1.3406,-1.2188,-1.95,-0.3047,-3.9001,11.7002,-6.0329
early_oi,2026-09-21 00:45,RSRUSDT,RSR,RSRUSDT,0.001669,20.158313,1.168101,0.98064,0.054994,-0.048707,0.05096071505640554,13.32386978923143,-0.011384062312762122,0.003594967046135489,-0.005991611743558889,0.004793289394847244,-0.016177351707609255,0.09826243259436795,-0.04194128220491311,-1.1384,0.3595,-0.5992,0.4793,-1.6177,9.8262,-4.1941
early_oi,2026-09-24 21:45,RSRUSDT,RSR,RSRUSDT,0.001735,15.050534,0.960162,1.061135,0.019389,-0.011614,0.042717543262200675,4.719568369986366,0.009221902017291006,0.017867435158501532,0.02017291066282434,0.021902017291066223,-0.005187319884726205,0.056484149855907884,-0.0783861671469741,0.9222,1.7867,2.0173,2.1902,-0.5187,5.6484,-7.8386
early_oi,2026-09-22 21:15,RUNEUSDT,RUNE,RUNEUSDT,0.66,11.629785,2.798254,2.481425,0.01227,0.074135,0.024336095793007217,3.5451370110714615,-0.007575757575757569,-0.0060606060606061,0.00454545454545463,0.0,-0.034848484848484906,0.2803030303030303,-0.09393939393939399,-0.7576,-0.6061,0.4545,0.0,-3.4848,28.0303,-9.3939
early_oi,2026-09-24 13:00,RUNEUSDT,RUNE,RUNEUSDT,0.63,17.402154,0.839802,0.991943,0.016129,-0.03876,0.04005482754236933,5.113176498403505,0.00952380952380949,0.004761904761904745,-0.0015873015873015817,-0.023809523809523836,0.007936507936507908,0.34126984126984117,-0.031746031746031744,0.9524,0.4762,-0.1587,-2.381,0.7937,34.127,-3.1746
early_oi,2026-09-30 18:45,RUNEUSDT,RUNE,RUNEUSDT,0.78,15.516848,1.003939,0.796206,0.018277,-0.021711,0.0372113007846846,3.5867817018311983,-0.0064102564102563875,-0.008974358974358942,-0.0038461538461538325,0.0,0.019230769230769162,0.07307692307692304,-0.06153846153846154,-0.641,-0.8974,-0.3846,0.0,1.9231,7.3077,-6.1538
early_oi,2026-09-15 15:30,SAGAUSDT,SAGA,SAGAUSDT,0.01924,24.187794,2.480852,1.454076,0.043384,0.048919,0.04302578700496085,4.816947116507739,0.010914760914760846,-0.016112266112266127,-0.040020790020790065,0.05925155925155923,0.04158004158004158,3.720893970893971,-0.042619542619542705,1.0915,-1.6112,-4.0021,5.9252,4.158,372.0894,-4.262
early_oi,2026-09-19 01:00,SAGAUSDT,SAGA,SAGAUSDT,0.02143,19.027104,2.292336,2.779281,0.036267,-0.006724,0.09021833181297034,16.66793896490096,0.35557629491367226,0.22771815212319169,0.19925338310779273,0.184321045263649,0.18198786747550155,3.2384507699486695,0.0,35.5576,22.7718,19.9253,18.4321,18.1988,323.8451,0.0
early_oi,2026-09-23 12:45,SAGAUSDT,SAGA,SAGAUSDT,0.04314,11.208343,1.063254,0.894415,0.067029,0.011509,0.00688018102502852,1.2696495201294447,-0.00046360686138158247,0.018776077885952924,0.032916087158090024,0.025961984237366842,0.05192396847473346,1.105470560964302,-0.4823829392675012,-0.0464,1.8776,3.2916,2.5962,5.1924,110.5471,-48.2383
early_oi,2026-09-19 08:15,SANDUSDT,SAND,SANDUSDT,0.03922,32.154215,0.958648,1.076538,0.01501,0.049715,0.01810673309661759,1.8099770140646108,0.0020397756246812726,-0.003569607343192227,-0.0038245792962773306,0.01861295257521678,0.029066802651708468,1.1407445181030091,-0.01937786843447209,0.204,-0.357,-0.3825,1.8613,2.9067,114.0745,-1.9378
early_oi,2026-09-24 22:30,SANDUSDT,SAND,SANDUSDT,0.04292,10.565444,2.733032,1.41686,0.019235,0.000713,0.015542249205398928,2.445312099790807,-0.010251630941286227,-0.026328052190121132,-0.022134203168685862,-0.007921714818266534,0.043569431500465994,0.9561975768872322,-0.034482758620689724,-1.0252,-2.6328,-2.2134,-0.7922,4.3569,95.6198,-3.4483
early_oi,2026-10-02 00:00,SANDUSDT,SAND,SANDUSDT,0.04405,10.744733,2.414953,1.501672,0.029928,-0.02016,0.03893815058859884,10.356434011141163,-0.007945516458569668,-0.007264472190692373,-0.01725312145289437,0.00567536889897835,0.40454029511918277,0.9060158910329172,-0.017934165720771778,-0.7946,-0.7264,-1.7253,0.5675,40.454,90.6016,-1.7934
early_oi,2026-09-27 23:45,SANTOSUSDT,SANTOS,SANTOSUSDT,0.553,41.301032,0.66119,0.463379,0.031716,0.001869,0.05370814331742024,30.417792784619607,-0.016274864376130238,-0.009041591320072317,-0.025316455696202556,-0.03435804701627487,-0.06871609403254975,0.00723327305605781,-0.10849909584086803,-1.6275,-0.9042,-2.5316,-3.4358,-6.8716,0.7233,-10.8499
early_oi,2026-09-25 00:45,SAPIENUSDT,SAPIEN,SAPIENUSDT,0.0798,16.287599,0.269165,0.430665,0.021767,0.019582,0.03881685407574942,9.441665558136886,0.012531328320801949,0.007518796992481258,-0.00877192982456132,-0.01253132832080206,0.00375939849624074,0.026315789473684292,-0.09273182957393467,1.2531,0.7519,-0.8772,-1.2531,0.3759,2.6316,-9.2732
early_oi,2026-09-01 09:00,SCRUSDT,SCR,SCRUSDT,0.02511,11.054677,2.785621,1.151407,0.018248,0.062931,0.01691101493070546,3.069413975815908,-0.00517722023098377,-0.010354440461967318,-0.012345679012345734,-0.027080844285145345,-0.07686180804460374,0.5049780963759456,-0.25846276383910793,-0.5177,-1.0354,-1.2346,-2.7081,-7.6862,50.4978,-25.8463
early_oi,2026-09-02 01:30,SCRUSDT,SCR,SCRUSDT,0.02365,109.878267,1.26702,1.335249,0.016767,-0.04633,0.02513123947420448,3.882116630242234,0.02410147991543332,0.012262156448202832,-0.013953488372093092,-0.02198731501057083,-0.032558139534883734,0.5978858350951373,-0.21268498942917546,2.4101,1.2262,-1.3953,-2.1987,-3.2558,59.7886,-21.2685
early_oi,2026-09-13 11:30,SCRUSDT,SCR,SCRUSDT,0.02325,20.474337,1.119836,0.838463,0.047769,0.048181,0.01932489273653526,1.5613075913579308,-0.03311827956989244,-0.03569892473118286,-0.035268817204301084,-0.05763440860215052,-0.07053763440860206,0.6253763440860214,-0.1320430107526882,-3.3118,-3.5699,-3.5269,-5.7634,-7.0538,62.5376,-13.2043
early_oi,2026-10-02 05:45,SCRUSDT,SCR,SCRUSDT,0.0265,29.596399,1.160819,0.843741,0.042076,0.056502,0.023371807156843616,6.130808298720877,0.08150943396226418,0.02754716981132077,-0.005660377358490565,0.15283018867924536,0.07283018867924529,0.4260377358490566,-0.023773584905660283,8.1509,2.7547,-0.566,15.283,7.283,42.6038,-2.3774
early_oi,2026-09-07 21:00,SEIUSDT,SEI,SEIUSDT,0.05051,15.354281,1.825023,1.023108,0.018963,0.011633,0.03576028322014557,2.912633516433591,-0.00673134032864775,-0.013264700059394174,-0.014254603048901138,-0.024945555335577074,-0.010690952286675937,0.7141160166303704,-0.18491387843991292,-0.6731,-1.3265,-1.4255,-2.4946,-1.0691,71.4116,-18.4914
early_oi,2026-09-21 01:00,SEIUSDT,SEI,SEIUSDT,0.05125,40.932091,2.577833,1.275069,0.039976,0.000812,0.09288277274757673,21.56023734010486,-0.01151219512195123,-0.010536585365853668,-0.0039024390243902474,0.0362926829268293,0.16956097560975625,0.6893658536585368,-0.026536585365853682,-1.1512,-1.0537,-0.3902,3.6293,16.9561,68.9366,-2.6537
early_oi,2026-09-23 11:45,SEIUSDT,SEI,SEIUSDT,0.06291,17.961377,1.960364,2.119937,0.015496,0.011924,0.022009721238963165,1.2484467966405128,-0.012398664759179723,-0.008742648227626715,-0.01510093784771882,-0.029407089492926253,-0.05642982037831812,0.3762517882689558,-0.0964870449848989,-1.2399,-0.8743,-1.5101,-2.9407,-5.643,37.6252,-9.6487
early_oi,2026-09-21 18:15,SFPUSDT,SFP,SFPUSDT,0.3111,41.951261,0.932469,0.816554,0.050304,0.036027,0.029031015322028564,10.546294590707491,-0.009321761491481895,-0.009964641594342627,-0.0038572806171648377,-0.019929283188685254,-0.028929604628736727,0.049180327868852514,-0.07457409193185471,-0.9322,-0.9965,-0.3857,-1.9929,-2.893,4.918,-7.4574
early_oi,2026-09-26 19:30,SFPUSDT,SFP,SFPUSDT,0.3201,44.365925,0.469301,0.468279,0.029923,0.006151,0.02414387949593455,20.547041734932684,0.0006248047485160058,-0.0018744142455482393,-0.01249609497032178,-0.02218056857232109,-0.025616994689159567,0.019681349578256846,-0.10059356451109036,0.0625,-0.1874,-1.2496,-2.2181,-2.5617,1.9681,-10.0594
early_oi,2026-10-01 21:00,SFPUSDT,SFP,SFPUSDT,0.3076,12.449601,0.170384,0.176619,0.011842,-0.015225,0.010775945246548568,7.903816501901547,0.004226267880364176,0.015929778933680083,0.0,-0.014954486345903795,-0.0006501950585174887,0.024057217165149636,-0.06404421326397913,0.4226,1.593,0.0,-1.4954,-0.065,2.4057,-6.4044
early_oi,2026-09-21 19:30,SHELLUSDT,SHELL,SHELLUSDT,0.026,29.058227,1.887078,2.297284,0.027668,0.058577,0.0275500187858424,4.390715058915822,0.0,-0.007692307692307665,0.0038461538461540545,-0.019230769230769273,0.05769230769230771,0.11769230769230776,-0.0973076923076922,0.0,-0.7692,0.3846,-1.9231,5.7692,11.7692,-9.7308
early_oi,2026-09-20 04:15,SKLUSDT,SKL,SKLUSDT,0.0043,52.48034,1.504538,0.272935,0.021378,0.065823,0.06319552123906225,8.151653105608565,0.03488372093023262,0.08372093023255811,0.03953488372093017,0.058139534883721034,0.05348837209302326,0.31162790697674425,-0.023255813953488413,3.4884,8.3721,3.9535,5.814,5.3488,31.1628,-2.3256
early_oi,2026-09-17 16:15,SKYUSDT,SKY,SKYUSDT,0.05794,12.735567,2.392009,2.656667,0.018099,-0.036077,0.003286353553215493,1.1676896334579165,-0.009837763203313754,-0.010873317224715184,-0.015015533310320905,0.009837763203313754,0.05505695547117706,0.6396272005522956,-0.029513289609941262,-0.9838,-1.0873,-1.5016,0.9838,5.5057,63.9627,-2.9513
early_oi,2026-09-20 19:00,SKYUSDT,SKY,SKYUSDT,0.06888,11.039663,0.909703,0.53825,0.01548,-0.054371,0.011964548025360955,2.249189944282379,0.005807200929152101,0.0017421602787457413,0.0045005807200930725,-0.003629500580720091,0.04994192799070851,0.3792102206736354,-0.030632984901277638,0.5807,0.1742,0.4501,-0.363,4.9942,37.921,-3.0633
early_oi,2026-09-28 04:00,SKYUSDT,SKY,SKYUSDT,0.07819,10.860281,0.833376,0.658143,0.032484,-0.02107,0.012939146094200105,4.2598209018094595,0.02135822995267933,0.03619388668627699,0.024939250543547953,0.05243637293771597,-0.014451975956004559,0.21498912904463485,-0.02519503772860976,2.1358,3.6194,2.4939,5.2436,-1.4452,21.4989,-2.5195
early_oi,2026-09-09 15:15,SLPUSDT,SLP,SLPUSDT,0.000677,13.668623,0.11146,0.124424,0.022659,0.00761,0.01405035430646473,4.856057453340595,-0.001477104874446078,0.004431314623338345,0.008862629246676468,-0.007385524372230501,-0.05908419497784345,0.10487444608567209,-0.16395864106351554,-0.1477,0.4431,0.8863,-0.7386,-5.9084,10.4874,-16.3959
early_oi,2026-09-19 10:45,SLPUSDT,SLP,SLPUSDT,0.000656,11.945451,1.190196,0.683477,0.023401,0.059504,0.039899984492373086,6.81506842919818,0.0,0.009146341463414753,0.0,0.013719512195121908,-0.015243902439024404,0.1402439024390243,-0.044207317073170826,0.0,0.9146,0.0,1.372,-1.5244,14.0244,-4.4207
early_oi,2026-10-02 15:15,SLPUSDT,SLP,SLPUSDT,0.000686,11.395498,0.386526,0.32902,0.017804,-0.002959,0.014694168572704669,4.964408602390543,0.007288629737609353,0.008746355685131268,0.010204081632653184,0.02478134110787167,,0.09037900874635563,-0.013119533527696792,0.7289,0.8746,1.0204,2.4781,,9.0379,-1.312
early_oi,2026-10-03 11:30,SLPUSDT,SLP,SLPUSDT,0.00072,12.62951,0.948598,1.160006,0.01983,0.039764,0.01378741667773209,1.2502836741021313,0.001388888888888662,0.001388888888888662,0.015277777777777724,,,0.02499999999999991,-0.009722222222222299,0.1389,0.1389,1.5278,,,2.5,-0.9722
early_oi,2026-09-21 16:45,SOLUSDT,SOL,SOLUSDT,115.7,14.158715,2.209195,1.43491,0.019293,0.048204,0.009707719918962576,3.1989052984940374,-0.0032843560933449867,-0.005012964563526401,0.005272255834053663,0.008643042350907626,0.01322385479688859,0.07994814174589449,-0.027484874675886006,-0.3284,-0.5013,0.5272,0.8643,1.3224,7.9948,-2.7485
early_oi,2026-09-06 15:30,SOLVUSDT,SOLV,SOLVUSDT,0.00362,43.283431,1.283002,1.035063,0.127726,0.012618,0.21571963889982526,62.17347682091981,-0.01104972375690616,0.013812154696132728,0.03038674033149169,-0.008287292817679592,0.08839779005524862,0.5939226519337018,-0.03314917127071815,-1.105,1.3812,3.0387,-0.8287,8.8398,59.3923,-3.3149
early_oi,2026-09-13 17:45,SOLVUSDT,SOLV,SOLVUSDT,0.00476,14.314161,0.848149,0.76513,0.032538,0.019912,0.017408234516771204,2.5546864431492358,-0.00630252100840345,0.0021008403361344463,0.04411764705882337,0.04621848739495782,0.012605042016806678,0.21218487394957974,-0.19327731092436984,-0.6303,0.2101,4.4118,4.6218,1.2605,21.2185,-19.3277
early_oi,2026-09-02 08:15,SOPHUSDT,SOPH,SOPHUSDT,0.00414,147.909917,0.238905,0.27848,0.032419,-0.004963,0.06958278778078952,5.443284945030782,-0.021739130434782594,-0.01207729468599028,-0.02898550724637672,-0.06521739130434767,-0.0845410628019323,2.3574879227053143,-0.17391304347826086,-2.1739,-1.2077,-2.8986,-6.5217,-8.4541,235.7488,-17.3913
early_oi,2026-09-19 08:30,SOPHUSDT,SOPH,SOPHUSDT,0.00431,12.281919,0.667176,0.559012,0.0311,0.071795,0.010670512611359984,2.065435626291429,-0.037122969837586894,-0.037122969837586894,-0.011600928074245842,-0.02088167053364265,0.025522041763341274,0.060324825986079134,-0.20649651972157768,-3.7123,-3.7123,-1.1601,-2.0882,2.5522,6.0325,-20.6497
early_oi,2026-09-20 08:45,SOPHUSDT,SOPH,SOPHUSDT,0.00447,13.719977,2.983161,0.395176,0.011312,0.025522,0.009938362275995871,1.521572460413866,0.008948545861297452,-0.01118568232662187,-0.004474272930648726,-0.022371364653243853,-0.02460850111856816,0.020134228187919323,-0.2348993288590604,0.8949,-1.1186,-0.4474,-2.2371,-2.4609,2.0134,-23.4899
early_oi,2026-09-26 14:45,SPELLUSDT,SPELL,SPELLUSDT,0.000107,76.268954,0.68401,0.541693,0.087133,0.070499,0.16143675401102797,45.84677332957057,-0.010251630941286116,-0.02982292637465056,-0.010251630941286116,0.008387698042870317,-0.019571295433364444,0.12022367194780981,-0.11276794035414728,-1.0252,-2.9823,-1.0252,0.8388,-1.9571,12.0224,-11.2768
early_oi,2026-09-03 18:00,SPKUSDT,SPK,SPKUSDT,0.021228,11.999297,0.358743,0.309083,0.046952,0.02575,0.0957639967540671,16.768833584406853,0.014838892029395145,0.022847182965894053,0.054079517618240036,0.04545882796306766,-0.036225739589221706,0.3411060863011117,-0.17495760316563036,1.4839,2.2847,5.408,4.5459,-3.6226,34.1106,-17.4958
early_oi,2026-09-05 17:30,SPKUSDT,SPK,SPKUSDT,0.020961,20.991075,0.30053,0.56134,0.041903,-0.028398,0.016200910331723772,3.0943837480187555,-0.004675349458518219,-9.541529507184343e-05,-0.017460998998139465,-0.014169171318162421,0.04699203282286146,0.35818901769953726,-0.16444826105624744,-0.4675,-0.0095,-1.7461,-1.4169,4.6992,35.8189,-16.4448
early_oi,2026-09-30 20:00,SPKUSDT,SPK,SPKUSDT,0.025681,14.20189,1.638325,1.20193,0.028639,0.07413,0.03410509121405769,3.2194477986959043,-0.005023168879716544,-0.007164830029983249,0.0014407538647249751,-0.019391768233324225,-0.06935088197500094,0.10856275067170285,-0.08667886764534083,-0.5023,-0.7165,0.1441,-1.9392,-6.9351,10.8563,-8.6679
early_oi,2026-09-01 18:45,SSVUSDT,SSV,SSVUSDT,2.829,13.047451,1.438102,1.076274,0.01507,0.032987,0.010787397865487769,2.94924419552055,-0.003888299752562774,-0.0067161541180629225,0.0014139271827500188,-0.01732060798868873,0.0,0.23718628490632732,-0.08094733121244257,-0.3888,-0.6716,0.1414,-1.7321,0.0,23.7186,-8.0947
early_oi,2026-09-13 08:30,SSVUSDT,SSV,SSVUSDT,3.035,18.640777,0.912864,0.52513,0.03091,0.071325,0.021697641992685757,5.479188253169453,-0.014497528830313078,-0.011861614497528872,-0.011202635914332904,-0.022075782537067545,-0.059967051070840216,0.15321252059308077,-0.10708401976935755,-1.4498,-1.1862,-1.1203,-2.2076,-5.9967,15.3213,-10.7084
early_oi,2026-09-27 00:15,SSVUSDT,SSV,SSVUSDT,3.405,12.578811,1.366959,0.97293,0.032757,0.061836,0.030305841960606816,4.994696536839968,0.005873715124816492,-0.0017621145374449032,-0.017621145374449254,-0.04904552129221729,-0.057562408223201134,0.018795888399412597,-0.1239353891336269,0.5874,-0.1762,-1.7621,-4.9046,-5.7562,1.8796,-12.3935
early_oi,2026-09-15 08:15,STEEMUSDT,STEEM,STEEMUSDT,0.06645,88.011762,1.996633,1.283245,0.193856,-0.073723,0.06421124544767998,4.089523754659497,0.049962377727614804,0.006170052671181425,-0.10097817908201645,-0.13769751693002252,-0.12054176072234757,0.08337095560571872,-0.21429646350639575,4.9962,0.617,-10.0978,-13.7698,-12.0542,8.3371,-21.4296
early_oi,2026-09-26 08:15,STEEMUSDT,STEEM,STEEMUSDT,0.06922,76.228057,1.005422,0.374742,0.067386,0.030183,0.12783302308415512,5.563298328749881,-0.004767408263507633,-0.011557353366079326,-0.01849176538572672,-0.011701820283155251,-0.026148511990754186,0.018058364634498725,-0.10936145622652416,-0.4767,-1.1557,-1.8492,-1.1702,-2.6149,1.8058,-10.9361
early_oi,2026-09-10 00:45,STRKUSDT,STRK,STRKUSDT,0.03338,19.833769,1.921426,2.65435,0.073312,0.033223,0.07798041575341208,13.319109797354919,0.008987417615338611,0.01827441581785494,-0.014080287597363683,-0.03235470341521862,-0.1375074895146795,0.52486518873577,-0.21869382863990416,0.8987,1.8274,-1.408,-3.2355,-13.7507,52.4865,-21.8694
early_oi,2026-09-25 19:45,STRKUSDT,STRK,STRKUSDT,0.04169,13.651784,2.944406,2.189007,0.016086,0.060207,0.00626795718773443,1.4057597475344403,-0.009354761333652983,-0.01055408970976246,-0.012233149436315593,-0.04893259774526271,0.01894938834252824,0.08107459822499408,-0.07363876229311572,-0.9355,-1.0554,-1.2233,-4.8933,1.8949,8.1075,-7.3639
early_oi,2026-09-30 20:45,STRKUSDT,STRK,STRKUSDT,0.04339,10.456151,0.854256,0.796885,0.026254,-0.027599,0.004033939083961657,1.1516837068424899,-0.009449181839133458,-0.007605439041253659,-0.02097257432588151,-0.026042867020050653,-0.015902281631712256,0.03871859875547368,-0.06130444802949975,-0.9449,-0.7605,-2.0973,-2.6043,-1.5902,3.8719,-6.1304
early_oi,2026-09-03 12:15,STXUSDT,STX,STXUSDT,0.2808,22.255255,1.827001,2.178872,0.016287,0.06433,0.02801263848576241,3.0371410518702087,0.0007122507122507837,-0.0007122507122506727,-0.012108262108262213,-0.040598290598290676,-0.020299145299145227,0.47507122507122523,-0.18554131054131062,0.0712,-0.0712,-1.2108,-4.0598,-2.0299,47.5071,-18.5541
early_oi,2026-09-07 21:00,STXUSDT,STX,STXUSDT,0.2865,13.421031,2.519079,2.462516,0.021755,0.050975,0.015484813244521778,3.9409601754041357,0.010471204188481575,-0.0024432809773122788,-0.013612565445025981,0.0013961605584642545,-0.06387434554973814,0.4457242582897034,-0.20174520069808022,1.0471,-0.2443,-1.3613,0.1396,-6.3874,44.5724,-20.1745
early_oi,2026-09-11 20:45,STXUSDT,STX,STXUSDT,0.2603,11.841125,1.241806,0.716888,0.031708,-0.054702,0.005061592372329171,3.4285017123913395,-0.002689204763734021,-0.0088359585094121,-0.006915097963887673,-0.005378409527468153,0.040338071456012425,0.591240875912409,-0.12139838647714174,-0.2689,-0.8836,-0.6915,-0.5378,4.0338,59.1241,-12.1398
early_oi,2026-09-26 15:30,STXUSDT,STX,STXUSDT,0.3457,23.27124,1.196946,0.866371,0.040952,0.073368,0.06280414833559078,13.86527056425211,-0.004049754122071203,0.0017356089094591187,0.023141452126120843,-0.012149262366213387,0.02458779288400348,0.19814868382991024,-0.12293896442001728,-0.405,0.1736,2.3141,-1.2149,2.4588,19.8149,-12.2939
early_oi,2026-09-30 22:45,STXUSDT,STX,STXUSDT,0.3426,24.609555,1.832802,0.868478,0.042288,0.021442,0.07002889776493926,16.842599850405282,-0.0008756567425569628,-0.003794512551080098,-0.004670169293636839,0.03911266783420886,0.1167542323409223,0.20899007589025098,-0.016345592527729158,-0.0876,-0.3795,-0.467,3.9113,11.6754,20.899,-1.6346
early_oi,2026-09-05 20:45,SUIUSDT,SUI,SUIUSDT,0.8029,11.92758,1.683968,1.84316,0.016329,0.014772,0.013852673428454754,1.914856154715682,-0.0032382613027773788,-0.003736455349358403,-0.009839332419977476,-0.00834475028023407,-0.005853780047328394,0.6125295802715158,-0.16178851662722615,-0.3238,-0.3736,-0.9839,-0.8345,-0.5854,61.253,-16.1789
early_oi,2026-09-21 08:30,SUIUSDT,SUI,SUIUSDT,0.9436,16.436243,2.365907,2.875021,0.026768,0.070846,0.012981933472941076,3.964869418293302,-0.00720644340822385,-0.012293344637558268,-0.0007418397626113293,-0.0001059771089444439,0.11784654514624848,0.3720856295040271,-0.03115727002967361,-0.7206,-1.2293,-0.0742,-0.0106,11.7847,37.2086,-3.1157
early_oi,2026-09-27 15:45,SUIUSDT,SUI,SUIUSDT,1.2497,14.462859,2.980091,1.408446,0.013462,0.063659,0.017228985899158555,1.676184977187602,0.011842842282147714,0.018004321037048854,0.01680403296791222,-0.005761382731855669,-0.05561334720332889,0.03600864207409771,-0.1260302472593422,1.1843,1.8004,1.6804,-0.5761,-5.5613,3.6009,-12.603
early_oi,2026-09-11 22:00,SUPERUSDT,SUPER,SUPERUSDT,0.1204,12.037888,1.391019,0.971547,0.010067,0.010169,0.02154465036979114,7.8844304128006115,-0.0008305647840530783,-0.0008305647840530783,-0.0016611295681062677,-0.0008305647840530783,-0.0008305647840530783,1.0506644518272426,-0.09136212624584716,-0.0831,-0.0831,-0.1661,-0.0831,-0.0831,105.0664,-9.1362
early_oi,2026-09-02 12:30,SUSHIUSDT,SUSHI,SUSHIUSDT,0.206,11.863715,2.809957,1.495735,0.01829,0.033197,0.08828265107990285,10.734800257737009,0.014563106796116498,0.011650485436893288,0.05145631067961154,0.0024271844660195274,-0.06262135922330092,0.4063106796116507,-0.0898058252427184,1.4563,1.165,5.1456,0.2427,-6.2621,40.6311,-8.9806
early_oi,2026-09-23 01:30,SXTUSDT,SXT,SXTUSDT,0.00968,15.640594,0.547719,0.186961,0.053319,0.008782,0.10865325267423676,41.817641239596036,0.025826446280991844,0.015495867768595017,0.06921487603305798,0.015495867768595017,-0.03305785123966931,0.13636363636363646,-0.09400826446280985,2.5826,1.5496,6.9215,1.5496,-3.3058,13.6364,-9.4008
early_oi,2026-09-25 03:45,TAOUSDT,TAO,TAOUSDT,300.5,10.424166,1.085394,2.573844,0.012808,0.022751,0.014055497993150423,2.065637464721728,-0.008985024958402588,-0.014309484193011701,-0.014642262895174674,-0.01630615640598998,0.0246256239600664,0.13577371048252918,-0.061564059900166335,-0.8985,-1.4309,-1.4642,-1.6306,2.4626,13.5774,-6.1564
early_oi,2026-09-11 08:15,THETAUSDT,THETA,THETAUSDT,0.1805,199.172634,0.162832,0.210755,0.066155,-0.045121,0.16436561519236492,27.38070877474957,-0.007756232686980558,-0.012742382271468178,-0.019944598337950148,-0.011080332409972304,0.04875346260387814,0.32576177285318564,-0.04930747922437673,-0.7756,-1.2742,-1.9945,-1.108,4.8753,32.5762,-4.9307
early_oi,2026-09-13 18:00,THETAUSDT,THETA,THETAUSDT,0.2049,18.1702,1.302395,1.641398,0.033283,0.047544,0.040497921606800436,4.895219198982544,0.01854563201561743,0.025866276232308527,0.018057589067838054,0.00341630063445586,-0.029282576866764276,0.16788677403611518,-0.1625183016105417,1.8546,2.5866,1.8058,0.3416,-2.9283,16.7887,-16.2518
early_oi,2026-09-22 12:30,THETAUSDT,THETA,THETAUSDT,0.2309,14.114197,1.14802,1.155543,0.024856,0.044022,0.04969128651689414,13.43153993117058,-0.012992637505413573,-0.023386747509744454,-0.03637938501515803,-0.04460805543525337,0.019488956258120416,0.03637938501515814,-0.09311390212213078,-1.2993,-2.3387,-3.6379,-4.4608,1.9489,3.6379,-9.3114
early_oi,2026-09-23 03:30,TIAUSDT,TIA,TIAUSDT,0.4788,26.954016,1.740759,1.768811,0.055323,0.053157,0.026308818794526845,4.008547232656637,0.011487050960735212,0.037176274018379196,0.038638262322472805,0.036340852130325674,-0.038638262322472916,0.12406015037593976,-0.12092731829573933,1.1487,3.7176,3.8638,3.6341,-3.8638,12.406,-12.0927
early_oi,2026-10-02 14:15,TIAUSDT,TIA,TIAUSDT,0.4555,11.410814,1.727878,1.600668,0.019472,-0.00689,0.04842345909963308,10.530965195625296,0.0035126234906694975,0.01975850713501659,0.014709110867178854,0.011855104281009776,-0.01800219538968173,0.07903402854006591,-0.06234906695938536,0.3513,1.9759,1.4709,1.1855,-1.8002,7.9034,-6.2349
early_oi,2026-09-02 19:00,TLMUSDT,TLM,TLMUSDT,0.001549,14.750109,0.503368,0.537177,0.062414,0.060364,0.31991227220711393,32.277019847460785,-0.03873466752743704,-0.008392511297611316,0.0,-0.07682375726275015,-0.08908973531310527,0.131697869593286,-0.1575209812782441,-3.8735,-0.8393,0.0,-7.6824,-8.909,13.1698,-15.7521
early_oi,2026-09-16 16:00,TLMUSDT,TLM,TLMUSDT,0.001417,10.32658,0.077081,0.031411,0.020158,0.007983,0.07437749287329387,19.669139968023337,0.029640084685956136,0.0804516584333097,0.04304869442484116,-0.050105857445307045,-0.03034580098800288,0.23712067748764998,-0.07692307692307698,2.964,8.0452,4.3049,-5.0106,-3.0346,23.7121,-7.6923
early_oi,2026-10-01 23:15,TLMUSDT,TLM,TLMUSDT,0.001668,25.21122,0.378494,0.063844,0.049717,0.023181,0.1409042435596568,8.509345396102884,-0.03477218225419654,-0.06294964028776984,-0.04736211031175064,-0.033573141486810565,-0.02577937649880102,0.008992805755395628,-0.0881294964028777,-3.4772,-6.295,-4.7362,-3.3573,-2.5779,0.8993,-8.8129
early_oi,2026-09-22 04:00,TNSRUSDT,TNSR,TNSRUSDT,0.0395,24.308852,1.192225,0.889799,0.039474,0.058496,0.019910016476942793,8.436346782226305,-0.017721518987341756,-0.025316455696202556,-0.03544303797468351,-0.030379746835442978,-0.03797468354430378,0.14936708860759507,-0.09113924050632904,-1.7722,-2.5316,-3.5443,-3.038,-3.7975,14.9367,-9.1139
early_oi,2026-09-26 14:45,TNSRUSDT,TNSR,TNSRUSDT,0.0403,11.64775,0.688408,0.510327,0.030691,0.028947,0.04374212117917886,5.315506616735798,0.022332506203473823,0.02481389578163773,0.05707196029776673,0.07692307692307687,0.014888337468982549,0.12655086848635233,-0.08684863523573205,2.2333,2.4814,5.7072,7.6923,1.4888,12.6551,-8.6849
early_oi,2026-09-27 21:45,TNSRUSDT,TNSR,TNSRUSDT,0.0414,11.509939,1.22849,0.692736,0.027295,-0.042755,0.05862321900987877,9.140020752997577,0.01690821256038655,0.03140096618357502,0.01690821256038655,-0.0024154589371979673,-0.05072463768115931,0.04106280193236711,-0.11111111111111116,1.6908,3.1401,1.6908,-0.2415,-5.0725,4.1063,-11.1111
early_oi,2026-09-29 15:15,TNSRUSDT,TNSR,TNSRUSDT,0.0403,14.765901,1.506626,0.51409,0.015113,0.002525,0.011556269622888138,1.6407960367564522,-0.004962779156327701,-0.002481389578163795,0.0,0.00496277915632759,-0.0397022332506205,0.03722084367245637,-0.08684863523573205,-0.4963,-0.2481,0.0,0.4963,-3.9702,3.7221,-8.6849
early_oi,2026-09-04 00:15,TRBUSDT,TRB,TRBUSDT,18.39,23.651021,2.364197,0.939319,0.034308,0.067868,0.07918535198647714,20.811391033101074,-0.009787928221859699,0.017944535073409318,0.0054377379010330795,-0.021750951604132762,-0.07667210440456773,0.19412724306688411,-0.1261555193039695,-0.9788,1.7945,0.5438,-2.1751,-7.6672,19.4127,-12.6156
early_oi,2026-09-30 05:00,TRBUSDT,TRB,TRBUSDT,20.47,11.996731,1.464395,1.167647,0.019422,0.070362,0.024545022041829512,5.178260034065539,0.01660967269174396,0.010258915486077269,0.03175378602833434,-0.007327796775769335,0.054225696140693724,0.07278944797264297,-0.06692721055202722,1.661,1.0259,3.1754,-0.7328,5.4226,7.2789,-6.6927
early_oi,2026-09-12 08:15,TREEUSDT,TREE,TREEUSDT,0.0467,56.391845,0.035749,0.077237,0.191327,0.020833,0.13083426914873764,10.213867145459835,-0.0728051391862955,-0.07066381156316914,-0.08351177730192716,-0.08993576017130611,-0.07494646680942174,0.1049250535331907,-0.1777301927194861,-7.2805,-7.0664,-8.3512,-8.9936,-7.4946,10.4925,-17.773
early_oi,2026-09-15 11:15,TREEUSDT,TREE,TREEUSDT,0.0485,17.106354,0.747782,0.841869,0.054348,0.067285,0.08497922070305663,7.89716764377268,-0.03711340206185576,-0.0453608247422681,-0.035051546391752564,-0.11340206185567026,-0.1814432989690722,0.06391752577319587,-0.20824742268041252,-3.7113,-4.5361,-3.5052,-11.3402,-18.1443,6.3918,-20.8247
early_oi,2026-09-03 19:30,TRUMPUSDT,TRUMP,TRUMPUSDT,2.396,15.348152,1.538189,1.375918,0.049496,0.041515,0.04092881735714293,2.8552606488307344,-0.0004173622704507496,0.01043405676126885,-0.012103505843071738,-0.004173622704507385,-0.002086811352253748,0.05008347245409017,-0.24290484140233715,-0.0417,1.0434,-1.2104,-0.4174,-0.2087,5.0083,-24.2905
early_oi,2026-10-01 10:45,TRUMPUSDT,TRUMP,TRUMPUSDT,2.159,15.341661,0.474485,0.319582,0.041988,-0.002887,0.03743066961895436,10.085620149504386,0.04075961093098668,0.012505789717461857,0.007874015748031704,-0.005094951366373168,-0.044928207503473816,0.04261232051875874,-0.08383510884668821,4.076,1.2506,0.7874,-0.5095,-4.4928,4.2612,-8.3835
early_oi,2026-09-05 16:30,TURBOUSDT,TURBO,TURBOUSDT,0.001041,14.424933,1.334673,1.088601,0.019589,0.050412,0.027642745613806863,3.2190880733415437,0.004803073967339033,0.0,-0.009606147934678178,-0.0240153698366955,-0.03842459173871282,0.11431316042267037,-0.18443804034582134,0.4803,0.0,-0.9606,-2.4015,-3.8425,11.4313,-18.4438
early_oi,2026-09-11 15:15,TURTLEUSDT,TURTLE,TURTLEUSDT,0.0398,10.47287,0.141875,0.091522,0.028424,-0.007692,0.00456915554970494,9.650186075583413,0.002512562814070307,0.0,-0.012562814070351758,-0.025125628140703515,0.02010050251256268,0.14824120603015056,-0.06532663316582932,0.2513,0.0,-1.2563,-2.5126,2.0101,14.8241,-6.5327
early_oi,2026-09-11 22:30,TURTLEUSDT,TURTLE,TURTLEUSDT,0.0411,15.04013,1.169236,0.48202,0.0275,0.04712,0.02572808736949539,12.232301760738139,-0.009732360097323589,-0.012165450121654486,-0.009732360097323589,-0.019464720194647067,-0.007299270072992581,0.1119221411192215,-0.0948905109489051,-0.9732,-1.2165,-0.9732,-1.9465,-0.7299,11.1922,-9.4891
early_oi,2026-09-06 08:15,TUSDT,T,TUSDT,0.00449,28.639381,0.782729,0.42979,0.036952,0.009324,0.046923752576689015,2.022262687601828,0.07126948775055686,0.0734966592427615,0.07126948775055686,0.015590200445434244,0.04454342984409787,0.38084632516703776,-0.08463251670378624,7.1269,7.3497,7.1269,1.559,4.4543,38.0846,-8.4633
early_oi,2026-09-07 08:15,TUSDT,T,TUSDT,0.00469,26.14396,1.219072,0.306577,0.028509,0.053118,0.06604042351954287,3.0134047458344186,0.023454157782516027,0.029850746268656803,0.008528784648187626,-0.021321961620468954,-0.0639658848614072,0.32196162046908317,-0.12366737739872069,2.3454,2.9851,0.8529,-2.1322,-6.3966,32.1962,-12.3667
early_oi,2026-09-08 08:30,TUSDT,T,TUSDT,0.00453,24.945594,0.192625,0.257988,0.031891,-0.063966,0.048663715031030064,2.2529730705133892,0.03752759381898452,0.0,-0.008830022075055233,-0.006622516556291536,-0.03752759381898452,0.36865342163355397,-0.0927152317880795,3.7528,0.0,-0.883,-0.6623,-3.7528,36.8653,-9.2715
early_oi,2026-09-15 15:15,TUSDT,T,TUSDT,0.00516,17.147474,2.84581,2.678537,0.055215,0.074725,0.03217484903848056,2.419433745460978,-0.025193798449612337,-0.05620155038759678,-0.06589147286821706,-0.08139534883720922,-0.12403100775193798,0.20155038759689936,-0.17248062015503862,-2.5194,-5.6202,-6.5891,-8.1395,-12.4031,20.155,-17.2481
early_oi,2026-09-17 08:30,TUSDT,T,TUSDT,0.00468,11.354097,0.259854,0.204135,0.017391,0.036036,0.024606119703192153,2.209348662873791,-0.004273504273504258,-0.02991452991453003,-0.03418803418803429,-0.042735042735042805,-0.05341880341880345,0.32478632478632474,-0.06196581196581208,-0.4274,-2.9915,-3.4188,-4.2735,-5.3419,32.4786,-6.1966
early_oi,2026-09-20 15:30,TUSDT,T,TUSDT,0.00526,31.470189,2.262836,0.331238,0.056225,0.048421,0.13956927100705085,10.424611847828361,0.06083650190114076,0.04562737642585546,0.034220532319391817,-0.034220532319391594,-0.04562737642585546,0.17870722433460084,-0.06463878326996197,6.0837,4.5627,3.4221,-3.4221,-4.5627,17.8707,-6.4639
early_oi,2026-09-21 08:15,TUSDT,T,TUSDT,0.00524,13.750962,1.591257,0.746382,0.01354,0.061602,0.050269326091858746,1.4405745659568772,0.005725190839694694,-0.019083969465648942,-0.030534351145038108,-0.04580152671755722,-0.019083969465648942,0.1832061068702291,-0.05152671755725191,0.5725,-1.9084,-3.0534,-4.5802,-1.9084,18.3206,-5.1527
early_oi,2026-09-23 08:15,TUSDT,T,TUSDT,0.00556,23.580447,0.226686,0.287426,0.039252,0.026871,0.0009569542721945545,2.2068533057648425,0.017985611510791477,0.007194244604316502,0.0,-0.010791366906474864,-0.030575539568345356,0.1151079136690647,-0.06654676258992798,1.7986,0.7194,0.0,-1.0791,-3.0576,11.5108,-6.6547
early_oi,2026-09-27 08:15,TUSDT,T,TUSDT,0.00601,60.78491,0.178856,0.175143,0.056239,0.016071,0.0922690812923379,7.6663186644495065,-0.01830282861896837,-0.029950083194675514,-0.01331114808652234,-0.028286189683860208,-0.024958402662229595,0.006655574043261225,-0.13643926788685512,-1.8303,-2.995,-1.3311,-2.8286,-2.4958,0.6656,-13.6439
early_oi,2026-09-19 19:30,TWTUSDT,TWT,TWTUSDT,0.5761,21.435037,0.718171,0.718171,0.017126,0.05025,0.005079181660567755,2.1978618494729507,-0.0036452004860266785,-0.005901753167852686,0.0,0.003298038534976566,-0.023259850720360964,0.0734247526471099,-0.07481340045131035,-0.3645,-0.5902,0.0,0.3298,-2.326,7.3425,-7.4813
early_oi,2026-09-30 04:15,TWTUSDT,TWT,TWTUSDT,0.6,13.647843,0.417848,0.482992,0.012487,0.026147,0.014239364622369965,4.407760594625941,0.0045000000000001705,0.001000000000000112,-0.0038333333333332442,-0.006833333333333358,0.0013333333333334085,0.03066666666666662,-0.07200000000000006,0.45,0.1,-0.3833,-0.6833,0.1333,3.0667,-7.2
early_oi,2026-10-01 05:30,TWTUSDT,TWT,TWTUSDT,0.6121,11.129503,0.48529,0.559276,0.0109,0.01305,0.026505462520693523,8.873343582338762,0.0031040679627512002,0.0014703479823559018,0.0011436039862768865,-0.0037575559549092308,-0.03234765561182806,0.006698251919621034,-0.09034471491586349,0.3104,0.147,0.1144,-0.3758,-3.2348,0.6698,-9.0345
early_oi,2026-09-11 22:45,UMAUSDT,UMA,UMAUSDT,0.374,18.541503,2.707364,1.328383,0.024658,0.01108,0.042791717445809896,2.6549553830404133,-0.005347593582887722,-0.002673796791443861,0.008021390374331583,-0.013368983957219305,0.013368983957219305,0.17914438502673802,-0.07754010695187175,-0.5348,-0.2674,0.8021,-1.3369,1.3369,17.9144,-7.754
early_oi,2026-09-26 20:30,UMAUSDT,UMA,UMAUSDT,0.434,28.485263,2.432575,1.101279,0.011655,0.064516,0.010045729273078452,1.918775492157938,-0.018433179723502335,-0.01382488479262678,-0.020737327188940058,-0.009216589861751112,-0.011520737327188946,0.016129032258064502,-0.1036866359447004,-1.8433,-1.3825,-2.0737,-0.9217,-1.1521,1.6129,-10.3687
early_oi,2026-09-30 18:45,UMAUSDT,UMA,UMAUSDT,0.424,14.290692,0.548229,0.318291,0.024155,0.007299,0.026045770580755967,5.211870635770333,0.0,-0.009433962264150941,-0.007075471698113178,-0.02358490566037741,-0.04481132075471694,0.01650943396226423,-0.08254716981132071,0.0,-0.9434,-0.7075,-2.3585,-4.4811,1.6509,-8.2547
early_oi,2026-09-01 11:45,UNIUSDT,UNI,UNIUSDT,5.429,12.696674,1.155706,1.886639,0.029389,0.047468,0.007211386390821639,2.9786817403266608,-0.011051759071652345,-0.006262663473936447,-0.013630502855037752,0.06317922269294529,0.10259716338183811,1.015472462700313,-0.015288266715785648,-1.1052,-0.6263,-1.3631,6.3179,10.2597,101.5472,-1.5288
early_oi,2026-09-01 13:45,UNIUSDT,UNI,UNIUSDT,5.592,20.049835,1.656541,2.127061,0.034789,0.047693,0.025421149293097134,7.841127372693793,0.00017882689556514286,0.0014306151645206988,0.025572246065808324,0.018061516452074322,0.1131974248927039,0.9567238912732476,-0.007153075822603716,0.0179,0.1431,2.5572,1.8062,11.3197,95.6724,-0.7153
early_oi,2026-09-06 00:30,UNIUSDT,UNI,UNIUSDT,6.629,13.970294,1.199338,1.278216,0.039028,0.015762,0.015026242733220174,2.543925655570851,-0.002564489364911715,0.012973299140141892,0.011615628299894487,0.0707497360084477,0.11510031678986277,0.6506260371096697,-0.12415145572484532,-0.2564,1.2973,1.1616,7.075,11.51,65.0626,-12.4151
early_oi,2026-09-11 20:45,UNIUSDT,UNI,UNIUSDT,6.105,16.232821,1.246432,1.182624,0.020903,-0.002003,0.00232155950502011,1.0046649638926866,0.014086814086814003,0.010155610155609951,0.01981981981981984,0.0073710073710073765,0.05585585585585573,0.7923013923013922,-0.027682227682227722,1.4087,1.0156,1.982,0.7371,5.5856,79.2301,-2.7682
early_oi,2026-09-22 20:45,UNIUSDT,UNI,UNIUSDT,9.229,25.64935,2.186429,2.439018,0.050421,-0.012587,0.07352874090892403,11.4386597254383,0.05244338498212153,0.022429298948965393,-0.011160472423881185,-0.0023837902264599586,0.04908440784483714,0.18561057536027747,-0.08473290714053527,5.2443,2.2429,-1.116,-0.2384,4.9084,18.5611,-8.4733
early_oi,2026-09-23 06:30,UNIUSDT,UNI,UNIUSDT,9.76,35.034622,2.675982,2.463116,0.028668,0.076836,0.06382166037896608,2.4063748526942073,0.03155737704918038,0.043135245901639196,0.036475409836065564,0.07766393442622954,-0.058709016393442615,0.12110655737704912,-0.1345286885245902,3.1557,4.3135,3.6475,7.7664,-5.8709,12.1107,-13.4529
early_oi,2026-09-25 19:15,UNIUSDT,UNI,UNIUSDT,9.639,12.150427,1.971007,1.836458,0.034672,0.042175,0.05374054421499519,7.965040554018065,-0.0030086108517480836,0.012864405021267844,0.019504097935470588,0.009233322958813295,0.0019711588339039743,0.05820105820105814,-0.1236642805270256,-0.3009,1.2864,1.9504,0.9233,0.1971,5.8201,-12.3664
early_oi,2026-09-30 20:45,UNIUSDT,UNI,UNIUSDT,9.036,11.003326,2.759224,1.883461,0.017109,-0.022877,0.020094327247989874,4.446783247811808,0.016600265604249653,0.012726870296591475,-0.005312084993359889,-0.005090748118636523,-0.0036520584329349237,0.031319167773351086,-0.050464807436918946,1.66,1.2727,-0.5312,-0.5091,-0.3652,3.1319,-5.0465
early_oi,2026-09-11 20:45,USUALUSDT,USUAL,USUALUSDT,0.0113,10.154008,0.443606,0.204482,0.018936,-0.017715,0.006156207795065871,2.130657110418998,-0.001769911504424737,-0.004424778761061954,-0.0008849557522123686,0.019469026548672774,0.020353982300885143,0.38761061946902653,-0.07433628318584062,-0.177,-0.4425,-0.0885,1.9469,2.0354,38.7611,-7.4336
early_oi,2026-09-19 18:00,USUALUSDT,USUAL,USUALUSDT,0.01258,14.850268,0.436514,0.296042,0.04485,0.000831,0.08067665435431959,34.674744567662756,0.014308426073132097,0.04133545310015907,0.02305246422893492,0.038950715421303794,0.03418124006359302,0.24642289348171698,-0.02225755166931631,1.4308,4.1335,2.3052,3.8951,3.4181,24.6423,-2.2258
early_oi,2026-09-25 15:30,USUALUSDT,USUAL,USUALUSDT,0.01426,10.21218,1.544812,0.885674,0.017844,0.069466,0.022770112489550742,3.3574936864752516,-0.02244039270687248,-0.018934081346423492,-0.004908835904628428,-0.0014025245441795509,0.02244039270687237,0.09957924263674611,-0.1374474053295932,-2.244,-1.8934,-0.4909,-0.1403,2.244,9.9579,-13.7447
early_oi,2026-09-26 00:30,USUALUSDT,USUAL,USUALUSDT,0.01473,18.543309,2.518378,1.271508,0.014463,0.033452,0.006539032683593238,1.313368010397517,-0.024439918533604832,-0.024439918533604832,-0.031907671418873074,-0.016293279022403295,-0.0020366598778004397,0.06449422946367944,-0.16496945010183295,-2.444,-2.444,-3.1908,-1.6293,-0.2037,6.4494,-16.4969
early_oi,2026-09-15 16:00,VANAUSDT,VANA,VANAUSDT,1.033,15.402284,1.959473,0.242985,0.022772,0.045549,0.10886126422607734,16.36969124838268,-0.007744433688286589,-0.04162633107454006,-0.04259438528557591,-0.05905130687318483,-0.10648596321393988,0.15101645692158772,-0.1413359148112293,-0.7744,-4.1626,-4.2594,-5.9051,-10.6486,15.1016,-14.1336
early_oi,2026-09-07 23:15,VELODROMEUSDT,VELODROME,VELODROMEUSDT,0.02588,17.210731,0.091696,0.264931,0.029435,0.006808,0.007477291894127713,5.911278712271642,-0.010432766615146805,-0.02472952086553326,-0.02395672333848531,0.038253477588871876,0.051004636785162205,0.5409582689335393,-0.14412673879443594,-1.0433,-2.473,-2.3957,3.8253,5.1005,54.0958,-14.4127
early_oi,2026-09-11 23:15,VELODROMEUSDT,VELODROME,VELODROMEUSDT,0.0263,12.508284,2.967034,2.542815,0.033399,0.071579,0.008218229264166155,4.133747436676264,-0.00874524714828906,-0.00798479087452475,-0.034220532319391705,-0.04600760456273767,-0.0528517110266159,0.5163498098859314,-0.15779467680608372,-0.8745,-0.7985,-3.4221,-4.6008,-5.2852,51.635,-15.7795
early_oi,2026-09-01 22:15,VETUSDT,VET,VETUSDT,0.006804,14.064648,2.740815,0.943308,0.023466,-0.010272,0.024479479642349977,2.3225995168782845,0.0064667842445620405,0.007348618459729561,-0.004556143445032301,-0.015873015873015928,-0.029835390946502116,0.4576719576719577,-0.053497942386831254,0.6467,0.7349,-0.4556,-1.5873,-2.9835,45.7672,-5.3498
early_oi,2026-09-19 12:15,VETUSDT,VET,VETUSDT,0.008286,23.286368,1.509162,1.562435,0.049525,0.040322,0.051264786801464846,5.605207291165079,-0.004103306782524685,-0.003982621288921129,0.00567221819937247,0.04115375331885107,0.008447984552256926,0.19695872556118754,-0.029688631426502465,-0.4103,-0.3983,0.5672,4.1154,0.8448,19.6959,-2.9689
early_oi,2026-09-26 13:00,VETUSDT,VET,VETUSDT,0.009808,15.092221,1.645277,0.932621,0.013433,0.049333,0.08532985487216704,5.127927136854878,-0.006015497553018001,-0.0038743882544862718,-0.007646818923327969,-0.024571778140293654,-0.07086052202283866,0.01121533442088074,-0.15691272430668846,-0.6015,-0.3874,-0.7647,-2.4572,-7.0861,1.1215,-15.6913
early_oi,2026-09-28 07:45,VIRTUALUSDT,VIRTUAL,VIRTUALUSDT,0.844,11.144034,1.908534,1.738599,0.018094,0.048306,0.00967152583652453,1.9925467982194465,-0.0035545023696682554,-0.008175355450236954,-0.01741706161137435,-0.040758293838862536,-0.018957345971563955,0.011611374407582975,-0.12547393364928905,-0.3555,-0.8175,-1.7417,-4.0758,-1.8957,1.1611,-12.5474
early_oi,2026-09-28 20:15,VIRTUALUSDT,VIRTUAL,VIRTUALUSDT,0.822,10.262203,2.286262,2.402059,0.028014,-0.015635,0.009224170899497564,1.8705756813911198,0.0042579075425790425,0.009367396593674027,0.005839416058394109,-0.029927007299270003,0.006082725060827299,0.0228710462287105,-0.1020681265206812,0.4258,0.9367,0.5839,-2.9927,0.6083,2.2871,-10.2068
early_oi,2026-09-23 10:00,VTHOUSDT,VTHO,VTHOUSDT,0.000743,15.024655,2.566926,0.881633,0.013643,0.056196,0.00927888262351928,2.6288707615289155,0.013458950201884257,0.009421265141319024,0.014804845222072816,-0.025572005383579954,-0.030955585464333635,0.13997308209959636,-0.12786002691790033,1.3459,0.9421,1.4805,-2.5572,-3.0956,13.9973,-12.786
early_oi,2026-09-24 13:45,VTHOUSDT,VTHO,VTHOUSDT,0.00078,15.860108,2.826603,1.3182,0.042781,0.026063,0.055065952258506856,11.488905156427945,0.0012820512820512775,0.016666666666666607,-0.012820512820512886,-0.029487179487179493,-0.033333333333333326,0.08589743589743581,-0.16923076923076918,0.1282,1.6667,-1.2821,-2.9487,-3.3333,8.5897,-16.9231
early_oi,2026-09-02 04:00,WALUSDT,WAL,WALUSDT,0.0259,12.494908,1.539688,0.664623,0.019685,0.053942,0.10757490481840692,7.798771285715128,-0.007722007722007707,-0.0038610038610038533,-0.019305019305019377,-0.038610038610038644,-0.027027027027026973,0.49150579150579143,-0.050193050193050204,-0.7722,-0.3861,-1.9305,-3.861,-2.7027,49.1506,-5.0193
early_oi,2026-09-09 08:15,WALUSDT,WAL,WALUSDT,0.0286,12.626993,0.10968,0.114235,0.014184,0.014388,0.003774781133017102,2.118671350947309,0.0034965034965035446,-0.010489510489510523,-0.0174825174825175,-0.034965034965035,-0.038461538461538436,0.35069930069930066,-0.1293706293706295,0.3497,-1.049,-1.7483,-3.4965,-3.8462,35.0699,-12.9371
early_oi,2026-09-14 20:30,WALUSDT,WAL,WALUSDT,0.0292,49.23153,2.087726,1.777016,0.010381,0.07037,0.008823900001359242,2.0744162326855715,-0.003424657534246589,-0.010273972602739767,-0.03082191780821919,-0.03424657534246578,-0.047945205479452135,0.32294520547945194,-0.11986301369863017,-0.3425,-1.0274,-3.0822,-3.4247,-4.7945,32.2945,-11.9863
early_oi,2026-09-02 11:30,WAXPUSDT,WAXP,WAXPUSDT,0.00426,10.186667,0.550331,0.605679,0.014286,-0.027778,0.0048564095836438614,1.7068867590447312,0.0,0.009389671361502483,-0.0023474178403755097,0.007042253521126973,0.03755868544600949,0.7206572769953052,-0.016431924882629012,0.0,0.939,-0.2347,0.7042,3.7559,72.0657,-1.6432
early_oi,2026-09-03 08:15,WAXPUSDT,WAXP,WAXPUSDT,0.00452,126.421631,0.362544,0.284154,0.051163,0.036145,0.022150575451828525,5.483545262584148,0.01106194690265494,0.01106194690265494,0.026548672566371723,-0.03539823008849552,-0.0331858407079646,0.6216814159292037,-0.05973451327433621,1.1062,1.1062,2.6549,-3.5398,-3.3186,62.1681,-5.9735
early_oi,2026-09-25 08:30,WAXPUSDT,WAXP,WAXPUSDT,0.0065,118.268855,0.009988,0.163145,0.126516,0.074488,0.20123952118105515,87.19679101415137,-0.039999999999999925,-0.04769230769230759,-0.056923076923076854,-0.07999999999999996,-0.029230769230769282,0.12769230769230777,-0.10461538461538467,-4.0,-4.7692,-5.6923,-8.0,-2.9231,12.7692,-10.4615
early_oi,2026-09-30 16:30,WIFUSDT,WIF,WIFUSDT,0.2494,14.737821,1.624017,1.485965,0.010535,0.032636,0.018414092344563926,5.207669031439,-0.004410585404971967,0.002806736166800272,0.008019246190858142,0.018043303929430543,-0.008821170809943935,0.07979149959903764,-0.0617481956696071,-0.4411,0.2807,0.8019,1.8043,-0.8821,7.9791,-6.1748
early_oi,2026-10-02 01:30,WIFUSDT,WIF,WIFUSDT,0.2576,12.010618,1.213954,0.97833,0.016976,-0.001577,0.021103857927558645,1.4149224583505169,-0.00038819875776396895,-0.008540372670807428,-0.017857142857142794,-0.04386645962732916,-0.02756211180124224,0.045419254658385144,-0.09161490683229812,-0.0388,-0.854,-1.7857,-4.3866,-2.7562,4.5419,-9.1615
early_oi,2026-10-02 14:30,WLDUSDT,WLD,WLDUSDT,0.5411,13.873315,2.223005,1.376565,0.025976,-0.009391,0.027575822481285872,4.9326901516211255,-0.0038809831824061503,-0.01349103677693586,-0.014045462945851184,-0.0046202180742932475,,0.09055627425614476,-0.025688412493069746,-0.3881,-1.3491,-1.4045,-0.462,,9.0556,-2.5688
early_oi,2026-09-01 21:15,WOOUSDT,WOO,WOOUSDT,0.01142,20.974456,1.396303,0.929474,0.012411,0.016216,0.06832465333501925,4.136698902237336,-0.017513134851138257,-0.01838879159369533,-0.013134851138353665,-0.02189141856392296,-0.027145359019264403,0.3152364273204904,-0.2626970227670753,-1.7513,-1.8389,-1.3135,-2.1891,-2.7145,31.5236,-26.2697
early_oi,2026-09-04 05:15,WOOUSDT,WOO,WOOUSDT,0.01185,51.236033,0.96251,0.474831,0.018917,0.044924,0.08244701679814637,4.2993243220237245,-0.0008438818565400519,0.0016877637130803258,-0.006751054852320748,-0.010970464135021119,-0.04303797468354431,0.26751054852320677,-0.2894514767932489,-0.0844,0.1688,-0.6751,-1.097,-4.3038,26.7511,-28.9451
early_oi,2026-09-06 09:45,WOOUSDT,WOO,WOOUSDT,0.01273,625.072704,0.915553,0.196967,0.47338,-0.245415,0.5059235299843852,4.63587053589862,-0.008641005498821741,-0.05184603299293,-0.049489395129615144,-0.03456402199528663,-0.061272584446190104,0.17989002356637873,-0.2065985860172821,-0.8641,-5.1846,-4.9489,-3.4564,-6.1273,17.989,-20.6599
early_oi,2026-09-28 05:45,WOOUSDT,WOO,WOOUSDT,0.01432,61.434467,0.875907,0.64374,0.052941,0.028744,0.08958730773770984,30.74146545530361,0.0006983240223463749,-0.02304469273743004,-0.013268156424580901,-0.008379888268156277,-0.09217877094972071,0.014664804469273651,-0.10824022346368711,0.0698,-2.3045,-1.3268,-0.838,-9.2179,1.4665,-10.824
early_oi,2026-09-07 01:45,WUSDT,W,WUSDT,0.01072,11.178421,0.352304,0.497214,0.039767,0.039315,0.014376363027098549,3.82859267299338,-0.004664179104477584,-0.02332089552238803,-0.03171641791044777,-0.018656716417910446,-0.03917910447761197,0.5130597014925371,-0.19123134328358204,-0.4664,-2.3321,-3.1716,-1.8657,-3.9179,51.306,-19.1231
early_oi,2026-09-27 09:00,WUSDT,W,WUSDT,0.0138,25.338941,1.989984,1.837629,0.046247,0.068016,0.13773870537698496,11.176626428022248,-0.005072463768115987,-0.016666666666666607,-0.0384057971014492,0.03695652173913033,0.1289855072463768,0.1753623188405795,-0.06521739130434778,-0.5072,-1.6667,-3.8406,3.6957,12.8986,17.5362,-6.5217
early_oi,2026-09-29 19:15,WUSDT,W,WUSDT,0.01433,15.247978,1.597869,2.088768,0.021383,-0.001423,0.007845758177907669,1.0042418083801625,0.032798325191905064,0.022330774598743774,0.013258897418004123,-0.024424284717376232,-0.06420097697138871,0.03907885554780188,-0.09979064898813683,3.2798,2.2331,1.3259,-2.4424,-6.4201,3.9079,-9.9791
early_oi,2026-09-24 23:15,XAIUSDT,XAI,XAIUSDT,0.00862,63.072355,1.90785,0.45053,0.038554,0.0375,0.1843330804274652,12.626537914191893,0.03248259860788871,0.018561484918793614,0.012761020881670637,0.314385150812065,0.05916473317865423,0.4303944315545245,-0.006960556844547439,3.2483,1.8561,1.2761,31.4385,5.9165,43.0394,-0.6961
early_oi,2026-10-01 23:15,XAIUSDT,XAI,XAIUSDT,0.00957,14.996875,1.021492,0.59768,0.020256,-0.004246,0.024576450909884695,1.4474239218004086,0.006269592476489061,-0.0010449320794148065,0.01880877742946696,0.0031347962382444194,0.019853709508881767,0.033437826541274696,-0.050156739811912154,0.627,-0.1045,1.8809,0.3135,1.9854,3.3438,-5.0157
early_oi,2026-09-22 08:15,XECUSDT,XEC,1000XECUSDT,9e-06,34.004462,0.250841,0.293676,0.060355,0.068268,0.09802404274513377,5.3705565860896884,-0.01227678571428581,-0.006696428571428714,-0.017857142857142905,-0.017857142857142905,0.07589285714285698,0.0848214285714286,-0.1372767857142857,-1.2277,-0.6696,-1.7857,-1.7857,7.5893,8.4821,-13.7277
early_oi,2026-09-21 17:00,XLMUSDT,XLM,XLMUSDT,0.2067,12.603446,1.837135,0.995637,0.016224,0.074485,0.051232757488814284,5.840015999329059,0.0019351717464926033,0.0033865505563619447,-0.0004837929366230398,0.014029995162070596,0.03386550556361878,0.14707305273343008,-0.04741170778906634,0.1935,0.3387,-0.0484,1.403,3.3866,14.7073,-4.7412
early_oi,2026-09-28 20:30,XLMUSDT,XLM,XLMUSDT,0.2263,21.862828,1.062268,1.793186,0.034751,0.003211,0.0403608985490842,8.23098518002822,0.011489173663278729,0.0008837825894829621,-0.00795404330534688,0.002651347768448886,0.02695536897923101,0.047724259832081284,-0.07114449845338044,1.1489,0.0884,-0.7954,0.2651,2.6955,4.7724,-7.1144
early_oi,2026-09-29 20:45,XRPUSDT,XRP,XRPUSDT,1.554,16.232197,1.511717,0.734629,0.025134,-0.000132,0.014358686746028582,4.934909350818486,-0.004247104247104172,-0.005341055341055334,-0.0023809523809523725,-0.04208494208494218,-0.012483912483912563,0.004954954954955015,-0.06962676962676972,-0.4247,-0.5341,-0.2381,-4.2085,-1.2484,0.4955,-6.9627
early_oi,2026-09-09 18:15,XTZUSDT,XTZ,XTZUSDT,0.2555,22.017217,1.884537,1.139442,0.024048,0.041319,0.03602256047034191,8.774776293564432,0.0,0.018395303326810053,0.02896281800391387,0.027397260273972712,-0.0031311154598826496,0.5753424657534247,-0.0606653620352251,0.0,1.8395,2.8963,2.7397,-0.3131,57.5342,-6.0665
early_oi,2026-09-05 05:15,XVGUSDT,XVG,XVGUSDT,0.002806,39.912046,1.752718,2.203722,0.034661,0.018783,0.07359939480069988,3.0607098408021756,-0.006058446186742672,0.009265858873841681,0.0035637918745545782,-0.013186029935851606,-0.008553100498930766,0.3471133285816108,-0.10049893086243755,-0.6058,0.9266,0.3564,-1.3186,-0.8553,34.7113,-10.0499
early_oi,2026-09-06 13:00,XVGUSDT,XVG,XVGUSDT,0.002847,17.217677,1.67904,1.195145,0.021529,-0.0138,0.015230928299911684,1.2750685941620261,0.011942395504039194,0.025289778714436162,0.05690200210748153,0.047067088162978665,-0.019669827889005953,0.32771338250790305,-0.11345275728837367,1.1942,2.529,5.6902,4.7067,-1.967,32.7713,-11.3453
early_oi,2026-09-08 05:00,XVGUSDT,XVG,XVGUSDT,0.002914,24.86448,0.350091,0.418132,0.059251,-0.036427,0.10666857352429138,10.243706648435808,-0.028826355525051417,0.029512697323267112,0.0024021962937543773,-0.014413177762525708,-0.013383665065202499,0.29718599862731643,-0.13383665065202466,-2.8826,2.9513,0.2402,-1.4413,-1.3384,29.7186,-13.3837
early_oi,2026-09-09 21:00,XVGUSDT,XVG,XVGUSDT,0.003083,41.465155,2.33517,2.071881,0.039798,0.018201,0.023855672984210763,1.11838872876729,-0.010379500486539017,-0.004541031462860778,-0.013947453778786811,0.09795653584171271,-0.1359065844956211,0.2260784949724295,-0.18131689912422955,-1.038,-0.4541,-1.3947,9.7957,-13.5907,22.6078,-18.1317
early_oi,2026-09-22 04:00,XVGUSDT,XVG,XVGUSDT,0.003156,10.335843,0.761501,1.890758,0.025008,0.014498,0.03489026531877304,5.739479518096194,-0.012040557667933993,-0.012357414448669224,-0.016159695817490438,-0.004435994930291565,-0.02186311787072248,0.19771863117870714,-0.10519645120405574,-1.2041,-1.2357,-1.616,-0.4436,-2.1863,19.7719,-10.5196
early_oi,2026-09-05 18:45,XVSUSDT,XVS,XVSUSDT,3.3,22.883228,2.14028,1.397653,0.015385,0.022013,0.05434414929779585,25.949735344132836,0.003030303030303161,0.015151515151515138,0.003030303030303161,0.0060606060606061,-0.036363636363636265,0.17272727272727284,-0.13636363636363624,0.303,1.5152,0.303,0.6061,-3.6364,17.2727,-13.6364
early_oi,2026-09-06 19:15,XVSUSDT,XVS,XVSUSDT,3.24,55.271283,0.661284,0.576037,0.022082,-0.042296,0.07845573091401925,4.690536796805369,0.0092592592592593,0.012345679012345512,0.015432098765431945,0.01851851851851838,0.006172839506172645,0.19444444444444442,-0.12037037037037035,0.9259,1.2346,1.5432,1.8519,0.6173,19.4444,-12.037
early_oi,2026-09-03 10:45,YBUSDT,YB,YBUSDT,0.094,10.114427,0.166998,0.230911,0.012931,0.024283,0.004108890633432116,1.1526341580053663,0.0,0.0010638297872340718,-0.0021276595744681437,0.010638297872340496,0.02127659574468077,0.24148936170212765,-0.19574468085106378,0.0,0.1064,-0.2128,1.0638,2.1277,24.1489,-19.5745
early_oi,2026-09-28 00:15,YBUSDT,YB,YBUSDT,0.0935,47.241454,0.391044,0.244902,0.063709,-0.00453,0.06062012694851715,41.20311250694424,0.004278074866310044,-0.013903743315507922,-0.03850267379679151,-0.0417112299465241,-0.10909090909090913,0.0352941176470587,-0.13475935828877006,0.4278,-1.3904,-3.8503,-4.1711,-10.9091,3.5294,-13.4759
early_oi,2026-09-08 15:15,YGGUSDT,YGG,YGGUSDT,0.0239,14.972257,2.117283,2.938075,0.010571,-0.035481,0.026338567448533468,6.313897895749157,-0.00794979079497915,-0.008786610878661172,-0.020502092050209253,-0.010041841004184149,-0.023430962343096273,0.2343096234309623,-0.10962343096234317,-0.795,-0.8787,-2.0502,-1.0042,-2.3431,23.431,-10.9623
early_oi,2026-09-23 00:30,YGGUSDT,YGG,YGGUSDT,0.02712,10.827645,0.91171,0.753536,0.033537,-0.004175,0.03750451909565489,13.478991697896364,0.053097345132743445,0.012168141592920456,0.03539823008849563,0.023967551622418926,-0.023230088495575174,0.08775811209439532,-0.06710914454277284,5.3097,1.2168,3.5398,2.3968,-2.323,8.7758,-6.7109
early_oi,2026-10-02 15:45,YGGUSDT,YGG,YGGUSDT,0.02776,12.185791,2.840559,0.578273,0.017222,0.036854,0.026475589251697018,16.674876833417112,0.01729106628242083,0.019452449567723296,0.019452449567723296,0.025216138328530313,,0.06268011527377526,-0.05799711815561959,1.7291,1.9452,1.9452,2.5216,,6.268,-5.7997
early_oi,2026-09-18 15:45,ZAMAUSDT,ZAMA,ZAMAUSDT,0.05453,11.157063,2.021999,0.667429,0.046641,0.018772,0.14452070147234708,32.06241588734387,-0.009902805794975267,0.008252338162479278,0.013203741059967022,0.0031175499724922506,0.1599119750596001,0.9778103796075555,-0.0168714469099579,-0.9903,0.8252,1.3204,0.3118,15.9912,97.781,-1.6871
early_oi,2026-09-06 09:15,ZECUSDT,ZEC,ZECUSDT,1076.74,14.636635,1.157544,0.651621,0.045673,0.011026,0.0031187387627094054,2.2729996902384637,-0.00512658580530112,-0.0075134201385663735,-0.011404795958170011,0.0676022066608466,0.1010178873265597,0.5769823727176477,-0.03254267511191189,-0.5127,-0.7513,-1.1405,6.7602,10.1018,57.6982,-3.2543
early_oi,2026-09-11 20:45,ZECUSDT,ZEC,ZECUSDT,1153.61,19.755745,2.541617,2.187888,0.02909,-0.078474,0.0053773170154218786,1.9688135039225994,-0.0012395870354797722,0.0008148334359099341,0.004403567930236552,0.017952340912440024,0.003753434869670169,0.47190124912232045,-0.09700852107731373,-0.124,0.0815,0.4404,1.7952,0.3753,47.1901,-9.7009
early_oi,2026-09-03 23:30,ZENUSDT,ZEN,ZENUSDT,5.906,17.18829,1.883284,1.616561,0.049769,0.050411,0.13060633326536353,27.146877316678967,0.004402302742973374,0.015577378936674657,-0.006942092786996201,0.0018625126989502139,0.0452082627836099,0.4549610565526583,-0.018963765662038612,0.4402,1.5577,-0.6942,0.1863,4.5208,45.4961,-1.8964
early_oi,2026-09-06 09:15,ZENUSDT,ZEN,ZENUSDT,7.098,10.692521,2.976672,2.656255,0.018949,-0.020529,0.04672381980615947,2.3759566656812416,0.0014088475626936603,0.0,-0.006480698788391082,0.06875176105945346,0.013524936601859716,0.21062271062271054,-0.15821358129050445,0.1409,0.0,-0.6481,6.8752,1.3525,21.0623,-15.8214
early_oi,2026-09-19 02:15,ZENUSDT,ZEN,ZENUSDT,7.498,12.403699,2.083481,2.727011,0.025438,-0.005441,0.07364633747248983,3.873652641563905,0.00026673779674579734,0.017071218991731252,0.03854361162976794,0.10776206988530257,0.03841024273139504,0.14603894371832493,-0.1304347826086958,0.0267,1.7071,3.8544,10.7762,3.841,14.6039,-13.0435
early_oi,2026-09-21 00:15,ZENUSDT,ZEN,ZENUSDT,7.655,10.330074,1.989756,1.994447,0.025315,-0.054218,0.03093704359513505,1.491248865580799,-0.0024820378837361323,0.007968647942521168,0.004049640757674666,0.06296538210320057,0.01241018941868055,0.09732201175702149,-0.14826910516002623,-0.2482,0.7969,0.405,6.2965,1.241,9.7322,-14.8269
early_oi,2026-09-21 03:45,ZENUSDT,ZEN,ZENUSDT,8.185,16.094173,1.413131,2.133102,0.051516,-0.005494,0.06002178852755646,7.845064825417533,-0.008307880268784262,-0.005864386072083061,-0.014783139890042762,-0.032254123396456946,-0.0670739156994502,0.026267562614538775,-0.20342089187538193,-0.8308,-0.5864,-1.4783,-3.2254,-6.7074,2.6268,-20.3421
early_oi,2026-09-15 11:30,ZILUSDT,ZIL,ZILUSDT,0.003186,59.376703,1.163426,1.029772,0.041176,0.037288,0.09626903933384812,6.082664664092545,0.03264281230382915,0.030759573132454587,0.009730069052102941,-0.029190207156308934,-0.12084118016321399,0.46013810420590073,-0.1487758945386064,3.2643,3.076,0.973,-2.919,-12.0841,46.0138,-14.8776
early_oi,2026-09-05 08:15,ZKUSDT,ZK,ZKUSDT,0.00963,18.306136,0.491882,0.355576,0.020127,-0.005269,0.012068096785565752,1.376227220026945,0.009345794392523255,0.01661474558670828,0.04361370716510904,0.04569055036344771,0.052959501557632294,0.43509865005192117,-0.12772585669781933,0.9346,1.6615,4.3614,4.5691,5.296,43.5099,-12.7726
early_oi,2026-09-12 04:15,ZROUSDT,ZRO,ZROUSDT,1.014,17.427366,0.587176,0.640621,0.016032,-0.038536,0.015767397501411207,2.5257748583331447,-0.01183431952662728,-0.007889546351084853,-0.013806706114398382,-0.0315581854043393,0.007889546351084853,0.97534516765286,-0.09467455621301768,-1.1834,-0.789,-1.3807,-3.1558,0.789,97.5345,-9.4675
early_oi,2026-09-27 14:30,ZROUSDT,ZRO,ZROUSDT,1.662,16.29976,0.714323,0.435415,0.034225,0.010692,0.014539374746024514,1.9602533145114875,0.00661853188929018,0.004211793020457266,0.005415162454873723,-0.018050541516245522,-0.10409145607701553,0.20517448856799048,-0.1438026474127556,0.6619,0.4212,0.5415,-1.8051,-10.4091,20.5174,-14.3803
early_oi,2026-09-09 12:15,ZRXUSDT,ZRX,ZRXUSDT,0.1064,79.452244,2.26767,1.415674,0.027027,0.000966,0.06809494544653938,19.260309767695915,-0.009398496240601517,-0.007518796992481147,0.012218045112782017,-0.0009398496240600185,-0.02913533834586457,0.22368421052631593,-0.08176691729323304,-0.9398,-0.7519,1.2218,-0.094,-2.9135,22.3684,-8.1767
early_oi,2026-09-29 15:45,币安人生USDT,币安人生,币安人生USDT,0.5257,11.007632,1.294858,0.16594,0.030784,0.048089,0.014112711137069578,26.68850569776585,-0.012935134106904944,-0.01008179570097012,-0.019973368841544548,-0.024348487730644686,-0.04736541753851997,0.0019022256039566976,-0.09073616130873119,-1.2935,-1.0082,-1.9973,-2.4348,-4.7365,0.1902,-9.0736
early_no_oi,2026-09-16 15:30,ACMUSDT,ACM,,0.286,66.217395,0.474241,0.404209,0.079245,0.0,,,-0.06643356643356635,-0.0804195804195803,-0.10139860139860135,-0.10489510489510478,-0.08741258741258728,0.0874125874125875,-0.11188811188811176,-6.6434,-8.042,-10.1399,-10.4895,-8.7413,8.7413,-11.1888
early_no_oi,2026-09-28 15:30,ACMUSDT,ACM,,0.292,22.836157,1.117082,1.113178,0.028169,-0.003509,,,-0.017123287671232945,0.003424657534246478,-0.020547945205479423,-0.0273972602739726,-0.037671232876712146,0.020547945205479534,-0.05479452054794509,-1.7123,0.3425,-2.0548,-2.7397,-3.7671,2.0548,-5.4795
early_no_oi,2026-09-05 15:30,ADXUSDT,ADX,,0.0623,16.456507,0.469085,0.338856,0.011364,-0.006452,,,0.0,0.0,0.006420545746388617,0.009630818619582593,-0.011235955056179803,0.2263242375601926,-0.1027287319422151,0.0,0.0,0.6421,0.9631,-1.1236,22.6324,-10.2729
early_no_oi,2026-09-06 20:15,ADXUSDT,ADX,,0.0624,14.680353,0.218378,0.358333,0.011345,-0.019078,,,-0.0032051282051281937,-0.0064102564102563875,-0.0032051282051281937,-0.012820512820512775,-0.0032051282051281937,0.22435897435897445,-0.10416666666666663,-0.3205,-0.641,-0.3205,-1.2821,-0.3205,22.4359,-10.4167
early_no_oi,2026-09-07 13:15,ADXUSDT,ADX,,0.0623,12.703433,0.587553,0.904587,0.011364,-0.003236,,,-0.0048154093097914075,-0.0016051364365972098,-0.0032102728731941976,-0.012841091492776902,-0.01765650080256831,0.2263242375601926,-0.1027287319422151,-0.4815,-0.1605,-0.321,-1.2841,-1.7657,22.6324,-10.2729
early_no_oi,2026-09-11 20:45,ADXUSDT,ADX,,0.0571,10.631926,1.546458,0.709381,0.01421,-0.039249,,,0.01050788091068311,0.003502626970227629,0.003502626970227629,0.01050788091068311,0.019264448336252293,0.3380035026269701,-0.017513134851138368,1.0508,0.3503,0.3503,1.0508,1.9264,33.8004,-1.7513
early_no_oi,2026-09-28 00:00,ADXUSDT,ADX,,0.0701,90.430206,2.792639,1.787445,0.057315,0.031104,,,-0.0542082738944365,-0.07132667617689004,-0.08987161198288163,-0.08987161198288163,-0.14407988587731813,0.0028530670470756636,-0.14407988587731813,-5.4208,-7.1327,-8.9872,-8.9872,-14.408,0.2853,-14.408
early_no_oi,2026-09-02 21:30,AIUSDT,AI,,0.0189,31.828243,0.327612,0.214921,0.044199,-0.010929,,,0.005291005291005346,-0.01058201058201047,-0.005291005291005235,0.0,-0.02645502645502651,0.3121693121693121,-0.12169312169312174,0.5291,-1.0582,-0.5291,0.0,-2.6455,31.2169,-12.1693
early_no_oi,2026-09-04 20:45,AIUSDT,AI,,0.019,19.107201,0.109258,0.228211,0.021505,0.005405,,,0.0052631578947368585,0.0,0.0,-0.010526315789473606,0.0,0.3052631578947369,-0.12631578947368416,0.5263,0.0,0.0,-1.0526,0.0,30.5263,-12.6316
early_no_oi,2026-09-21 20:15,AIUSDT,AI,,0.0188,10.094243,2.938852,2.757229,0.021739,0.045455,,,-0.015957446808510745,-0.015957446808510745,-0.010638297872340496,-0.02659574468085113,-0.03191489361702127,0.31914893617021267,-0.037234042553191404,-1.5957,-1.5957,-1.0638,-2.6596,-3.1915,31.9149,-3.7234
early_no_oi,2026-09-24 05:00,AIUSDT,AI,,0.0197,28.571172,0.765868,1.048313,0.047872,0.021739,,,0.020304568527918843,-0.02030456852791862,-0.04060913705583746,-0.05076142131979677,0.050761421319797106,0.25888324873096447,-0.06598984771573602,2.0305,-2.0305,-4.0609,-5.0761,5.0761,25.8883,-6.599
early_no_oi,2026-09-24 10:45,AIUSDT,AI,,0.02,10.716681,2.274515,0.968891,0.04712,0.032432,,,-0.009999999999999898,-0.0050000000000000044,-0.030000000000000027,-0.04500000000000004,0.004999999999999893,0.24,-0.08000000000000007,-1.0,-0.5,-3.0,-4.5,0.5,24.0,-8.0
early_no_oi,2026-10-03 03:30,AIUSDT,AI,,0.0204,72.400024,2.318085,0.577518,0.096774,-0.015873,,,0.11274509803921573,0.16666666666666674,0.07352941176470584,0.04901960784313708,,0.21568627450980382,-0.03431372549019618,11.2745,16.6667,7.3529,4.902,,21.5686,-3.4314
early_no_oi,2026-09-21 21:45,AMDBUSDT,AMDB,,604.12,18.282055,2.265503,1.088699,0.035072,0.052646,,,0.004850029795404831,0.012100244984440067,0.010759451764550176,0.004816923789975558,0.020012580282063208,0.06828113619810638,-0.013606568231477212,0.485,1.21,1.0759,0.4817,2.0013,6.8281,-1.3607
early_no_oi,2026-09-24 21:45,AMDBUSDT,AMDB,,619.64,34.430313,0.719866,0.528439,0.030055,-0.033561,,,-0.00645536117745793,-0.0065360531921759835,-0.008020786262991408,0.0008876121619005861,0.025417984636240343,0.04152411077399787,-0.038312568588212526,-0.6455,-0.6536,-0.8021,0.0888,2.5418,4.1524,-3.8313
early_no_oi,2026-09-29 00:30,AMDBUSDT,AMDB,,610.31,32.472712,0.359039,1.250312,0.010514,-0.046555,,,-0.004555062181514247,-0.006275499336402701,-0.005898641673903304,-0.003850502203797901,0.004145434287493366,0.05744621585751508,-0.015549474857039725,-0.4555,-0.6275,-0.5899,-0.3851,0.4145,5.7446,-1.5549
early_no_oi,2026-09-29 22:00,AMDBUSDT,AMDB,,621.55,10.888333,1.920779,0.300747,0.015505,0.000327,,,-0.00778698415252177,-0.009411953986002586,-0.006145925508808547,-0.020352344944091327,-0.026546536883597427,0.03832354597377541,-0.033352103611937745,-0.7787,-0.9412,-0.6146,-2.0352,-2.6547,3.8324,-3.3352
early_no_oi,2026-09-01 04:15,AMPUSDT,AMP,,0.000454,12.419025,0.436372,0.566243,0.03653,-0.006803,,,-0.01541850220264307,-0.01982378854625555,-0.017621145374449254,-0.01541850220264307,-0.02643171806167388,0.9096916299559474,-0.07268722466960353,-1.5419,-1.9824,-1.7621,-1.5419,-2.6432,90.9692,-7.2687
early_no_oi,2026-09-20 23:15,AMPUSDT,AMP,,0.000465,10.510722,0.56461,0.380982,0.021978,-0.01087,,,-0.017204301075268935,-0.017204301075268935,-0.017204301075268935,-0.010752688172043001,0.03655913978494629,0.864516129032258,-0.023655913978494758,-1.7204,-1.7204,-1.7204,-1.0753,3.6559,86.4516,-2.3656
early_no_oi,2026-09-22 23:00,AMPUSDT,AMP,,0.000496,13.696518,0.646247,0.547726,0.037657,0.0,,,-0.016129032258064613,-0.012096774193548487,-0.016129032258064613,-0.0040322580645162365,-0.012096774193548487,0.747983870967742,-0.040322580645161255,-1.6129,-1.2097,-1.6129,-0.4032,-1.2097,74.7984,-4.0323
early_no_oi,2026-09-24 04:00,AMPUSDT,AMP,,0.000494,15.419044,0.254231,0.2581,0.033473,-0.028455,,,0.00809716599190291,-0.006072874493927016,-0.022267206477732837,-0.020242914979757054,0.014170040485830038,0.7550607287449393,-0.03643724696356265,0.8097,-0.6073,-2.2267,-2.0243,1.417,75.5061,-3.6437
early_no_oi,2026-09-26 18:00,AMPUSDT,AMP,,0.000527,11.137632,0.699189,1.484044,0.013462,0.033797,,,0.034155597722960174,0.007590132827324458,-0.005692599620493288,0.2182163187855788,0.2941176470588234,0.6451612903225807,-0.011385199240986799,3.4156,0.759,-0.5693,21.8216,29.4118,64.5161,-1.1385
early_no_oi,2026-09-26 19:45,AMPUSDT,AMP,,0.000595,64.318679,2.404347,1.929146,0.103896,0.065217,,,0.134453781512605,0.22016806722689064,0.20504201680672263,0.15966386554621836,0.17478991596638638,0.4571428571428571,-0.03529411764705892,13.4454,22.0168,20.5042,15.9664,17.479,45.7143,-3.5294
early_no_oi,2026-09-28 19:15,AMPUSDT,AMP,,0.000629,14.085332,0.652875,2.090363,0.032841,-0.141044,,,0.009538950715421324,0.004769475357710551,-0.009538950715421324,0.027027027027026973,0.0476947535771064,0.1335453100158983,-0.038155802861685295,0.9539,0.4769,-0.9539,2.7027,4.7695,13.3545,-3.8156
early_no_oi,2026-09-29 18:15,AMPUSDT,AMP,,0.000672,11.612299,0.706112,0.62375,0.04186,0.069652,,,0.03571428571428581,0.02083333333333326,-0.019345238095238138,-0.04761904761904745,-0.055059523809523725,0.06101190476190488,-0.08928571428571419,3.5714,2.0833,-1.9345,-4.7619,-5.506,6.1012,-8.9286
early_no_oi,2026-09-30 01:00,AMPUSDT,AMP,,0.000664,10.308586,0.801817,1.159671,0.035881,0.011041,,,-0.02108433734939763,-0.025602409638554202,-0.01957831325301207,-0.031626506024096335,-0.04216867469879526,-0.0030120481927710108,-0.07831325301204817,-2.1084,-2.5602,-1.9578,-3.1627,-4.2169,-0.3012,-7.8313
early_no_oi,2026-09-01 10:45,ATMUSDT,ATM,,1.274,28.032157,0.261068,0.127566,0.113636,-0.039463,,,-0.023547880690737877,0.011773940345368938,-0.05102040816326525,-0.07770800627943486,-0.038461538461538436,0.09654631083202503,-0.20251177394034536,-2.3548,1.1774,-5.102,-7.7708,-3.8462,9.6546,-20.2512
early_no_oi,2026-09-10 20:15,ATMUSDT,ATM,,1.209,50.363979,0.197678,0.147612,0.014262,0.033825,,,-0.006617038875103343,-0.021505376344086002,-0.04052936311000843,-0.038047973531844526,-0.06782464846980985,0.0041356492969395475,-0.15963606286186938,-0.6617,-2.1505,-4.0529,-3.8048,-6.7825,0.4136,-15.9636
early_no_oi,2026-09-12 22:15,ATMUSDT,ATM,,1.189,11.474395,0.262014,0.179758,0.032118,0.013193,,,-0.010933557611438327,-0.006728343145500415,-0.014297729184188479,-0.028595458368376847,-0.03280067283431465,0.005046257359125228,-0.14550042052144663,-1.0934,-0.6728,-1.4298,-2.8595,-3.2801,0.5046,-14.55
early_no_oi,2026-09-15 20:30,AUDIOUSDT,AUDIO,,0.01338,32.75209,0.349981,0.328141,0.043682,-0.000779,,,-0.027653213751868355,-0.03811659192825112,-0.044095665171898335,-0.05904334828101643,-0.07473841554559035,0.6053811659192825,-0.08744394618834073,-2.7653,-3.8117,-4.4096,-5.9043,-7.4738,60.5381,-8.7444
early_no_oi,2026-09-17 01:15,AUDIOUSDT,AUDIO,,0.01293,22.638859,0.665952,0.168442,0.029459,-0.007115,,,-0.009280742459396807,0.003866976024748725,-0.010054137664346485,-0.037122969837587116,-0.02010827532869297,0.6612529002320184,-0.043310131477184766,-0.9281,0.3867,-1.0054,-3.7123,-2.0108,66.1253,-4.331
early_no_oi,2026-09-22 17:30,AUDIOUSDT,AUDIO,,0.01418,18.853411,2.071081,0.452444,0.029028,0.021497,,,-0.008462623413258097,-0.02609308885754591,-0.03314527503526088,-0.019746121297602337,0.0,0.5148095909732016,-0.05571227080394914,-0.8463,-2.6093,-3.3145,-1.9746,0.0,51.481,-5.5712
early_no_oi,2026-09-22 19:30,AUDIOUSDT,AUDIO,,0.0141,37.809407,1.808746,1.808746,0.025455,0.017765,,,-0.009929078014184411,-0.01773049645390068,-0.019858156028368712,0.007801418439716379,-0.0035460992907800915,0.5234042553191489,-0.05035460992907792,-0.9929,-1.773,-1.9858,0.7801,-0.3546,52.3404,-5.0355
early_no_oi,2026-09-25 23:45,AUDIOUSDT,AUDIO,,0.01417,17.583395,0.634241,0.737344,0.012866,0.010838,,,-0.004940014114326097,-0.004234297812279575,-0.003528581510232831,-0.0021171489061397875,0.023994354269583518,0.5158786167960479,-0.00917431192660545,-0.494,-0.4234,-0.3529,-0.2117,2.3994,51.5879,-0.9174
early_no_oi,2026-09-26 18:45,AUDIOUSDT,AUDIO,,0.01445,10.51104,0.487025,0.527346,0.011197,0.015636,,,0.0041522491349481605,0.004844290657439521,0.0013840830449827202,0.005536332179930881,0.0221453287197233,0.4865051903114186,-0.00622837370242213,0.4152,0.4844,0.1384,0.5536,2.2145,48.6505,-0.6228
early_no_oi,2026-09-27 04:30,AUDIOUSDT,AUDIO,,0.01516,49.749584,0.159611,0.4633,0.047685,0.027699,,,0.07717678100263847,0.01517150395778355,-0.02638522427440626,-0.01121372031662271,0.19261213720316617,0.41688654353561994,-0.04089709762532978,7.7177,1.5172,-2.6385,-1.1214,19.2612,41.6887,-4.0897
early_no_oi,2026-10-01 21:15,AUDIOUSDT,AUDIO,,0.01706,13.412309,1.916046,2.647714,0.043425,0.053479,,,0.11840562719812442,0.04572098475967201,0.10844079718640098,0.012309495896834832,-0.02579132473622503,0.13716295427901537,-0.06213364595545123,11.8406,4.5721,10.8441,1.2309,-2.5791,13.7163,-6.2134
early_no_oi,2026-09-28 16:00,BARUSDT,BAR,,0.293,23.157372,2.497738,0.840196,0.017361,0.010526,,,-0.020477815699658675,-0.017064846416382284,-0.013651877133105783,-0.030716723549488067,-0.04778156996587013,0.0034129692832765013,-0.05460750853242302,-2.0478,-1.7065,-1.3652,-3.0717,-4.7782,0.3413,-5.4608
early_no_oi,2026-09-03 23:00,BNSOLUSDT,BNSOL,,118.3,15.82853,0.451111,0.626101,0.018949,0.036607,,,-0.0016906170752324368,-0.0033812341504648735,0.004226542688081203,0.00591715976331364,-0.036348267117497834,0.19526627218934922,-0.08368554522400673,-0.1691,-0.3381,0.4227,0.5917,-3.6348,19.5266,-8.3686
early_no_oi,2026-09-11 20:45,BNSOLUSDT,BNSOL,,114.0,12.364969,1.382996,0.909118,0.012433,-0.014011,,,0.006140350877193113,0.004385964912280604,0.007017543859649145,0.00877192982456143,0.013157894736842035,0.24035087719298254,-0.04912280701754379,0.614,0.4386,0.7018,0.8772,1.3158,24.0351,-4.9123
early_no_oi,2026-09-11 22:00,BNSOLUSDT,BNSOL,,118.4,40.403701,2.520689,1.649795,0.031359,0.022262,,,-0.007601351351351426,-0.00929054054054057,-0.015202702702702853,-0.028716216216216228,-0.026182432432432456,0.1942567567567568,-0.08445945945945943,-0.7601,-0.9291,-1.5203,-2.8716,-2.6182,19.4257,-8.4459
early_no_oi,2026-09-21 16:45,BNSOLUSDT,BNSOL,,130.7,18.9723,0.275294,0.258923,0.017913,0.04902,,,-0.0015302218821727775,-0.0038255547054323324,0.005355776587605332,0.009181331293037553,0.014537107880642663,0.08186687069625109,-0.02601377199693944,-0.153,-0.3826,0.5356,0.9181,1.4537,8.1867,-2.6014
early_no_oi,2026-09-27 16:00,BNSOLUSDT,BNSOL,,140.3,10.536626,0.315539,0.191575,0.014461,0.01393,,,0.0007127583749109156,0.0035637918745545782,0.0014255167498218313,-0.0014255167498219423,-0.04704205274411988,0.00784034212401985,-0.05915894511760522,0.0713,0.3564,0.1426,-0.1426,-4.7042,0.784,-5.9159
early_no_oi,2026-09-03 23:30,BTTCUSDT,BTTC,,0.0,50.285899,0.608954,0.345178,0.033333,0.0,,,0.0,0.0,0.0,0.0,-0.032258064516129115,0.4193548387096775,-0.06451612903225812,0.0,0.0,0.0,0.0,-3.2258,41.9355,-6.4516
early_no_oi,2026-09-04 22:30,BTTCUSDT,BTTC,,0.0,13.416131,0.414367,0.329693,0.033333,0.0,,,-0.032258064516129115,-0.032258064516129115,-0.032258064516129115,-0.032258064516129115,-0.032258064516129115,0.4193548387096775,-0.06451612903225812,-3.2258,-3.2258,-3.2258,-3.2258,-3.2258,41.9355,-6.4516
early_no_oi,2026-09-05 00:30,BTTCUSDT,BTTC,,0.0,12.533909,0.300254,0.300254,0.033333,-0.032258,,,0.0,0.0,0.0,-0.032258064516129115,-0.032258064516129115,0.4193548387096775,-0.06451612903225812,0.0,0.0,0.0,-3.2258,-3.2258,41.9355,-6.4516
early_no_oi,2026-09-06 00:45,BTTCUSDT,BTTC,,0.0,12.839685,0.306798,0.309761,0.033333,-0.032258,,,0.0,0.0,0.0,0.0,0.0,0.4193548387096775,-0.032258064516129115,0.0,0.0,0.0,0.0,0.0,41.9355,-3.2258
early_no_oi,2026-09-09 11:30,BTTCUSDT,BTTC,,0.0,37.038646,0.389299,0.38025,0.032258,0.0,,,0.0,0.0,0.0,0.0,0.03125,0.375,-0.03125,0.0,0.0,0.0,0.0,3.125,37.5,-3.125
early_no_oi,2026-09-10 10:15,BTTCUSDT,BTTC,,0.0,25.849891,0.325929,0.30717,0.03125,0.032258,,,0.0,0.0,0.0,0.0,-0.030303030303030387,0.33333333333333326,-0.06060606060606066,0.0,0.0,0.0,0.0,-3.0303,33.3333,-6.0606
early_no_oi,2026-09-11 22:00,BTTCUSDT,BTTC,,0.0,49.453992,0.550415,0.303937,0.03125,0.0,,,-0.030303030303030387,-0.030303030303030387,-0.030303030303030387,0.0,0.0,0.33333333333333326,-0.06060606060606066,-3.0303,-3.0303,-3.0303,0.0,0.0,33.3333,-6.0606
early_no_oi,2026-09-11 23:45,BTTCUSDT,BTTC,,0.0,10.104762,0.804865,0.54946,0.03125,0.0,,,-0.06060606060606066,0.0,0.0,0.0,0.0,0.33333333333333326,-0.06060606060606066,-6.0606,0.0,0.0,0.0,0.0,33.3333,-6.0606
early_no_oi,2026-09-17 22:30,BTTCUSDT,BTTC,,0.0,34.686937,0.416408,0.378532,0.03125,0.0,,,0.0,0.0,0.0,0.0,0.030303030303030276,0.33333333333333326,-0.030303030303030387,0.0,0.0,0.0,0.0,3.0303,33.3333,-3.0303
early_no_oi,2026-09-18 22:30,BTTCUSDT,BTTC,,0.0,13.686322,1.367299,0.300943,0.030303,0.03125,,,0.0,0.0,0.0,0.0,-0.02941176470588225,0.2941176470588236,-0.05882352941176461,0.0,0.0,0.0,0.0,-2.9412,29.4118,-5.8824
early_no_oi,2026-09-20 11:00,BTTCUSDT,BTTC,,0.0,18.022929,0.451072,0.205856,0.030303,-0.029412,,,-0.02941176470588225,-0.02941176470588225,-0.02941176470588225,-0.02941176470588225,0.0,0.2941176470588236,-0.05882352941176461,-2.9412,-2.9412,-2.9412,-2.9412,0.0,29.4118,-5.8824
early_no_oi,2026-09-20 17:00,BTTCUSDT,BTTC,,0.0,12.563267,0.455909,0.396371,0.030303,-0.029412,,,0.0,-0.02941176470588225,0.0,-0.02941176470588225,0.0,0.2941176470588236,-0.05882352941176461,0.0,-2.9412,0.0,-2.9412,0.0,29.4118,-5.8824
early_no_oi,2026-09-20 20:30,BTTCUSDT,BTTC,,0.0,10.06015,0.501962,0.466461,0.0625,-0.058824,,,0.0,-0.02941176470588225,0.0,0.0,0.0,0.2941176470588236,-0.02941176470588225,0.0,-2.9412,0.0,0.0,0.0,29.4118,-2.9412
early_no_oi,2026-09-21 20:45,BTTCUSDT,BTTC,,0.0,33.135358,1.806616,1.93228,0.029412,0.0,,,0.0,0.0,0.0,0.0,0.1428571428571428,0.25714285714285734,-0.02857142857142858,0.0,0.0,0.0,0.0,14.2857,25.7143,-2.8571
early_no_oi,2026-09-22 08:15,BTTCUSDT,BTTC,,0.0,80.186237,0.5407,0.675365,0.028571,0.029412,,,-0.02777777777777779,-0.02777777777777779,0.0,0.0,0.08333333333333348,0.22222222222222232,-0.02777777777777779,-2.7778,-2.7778,0.0,0.0,8.3333,22.2222,-2.7778
early_no_oi,2026-09-22 16:15,BTTCUSDT,BTTC,,0.0,48.217472,0.835226,0.718297,0.057143,0.029412,,,0.0,0.0,0.0,0.05405405405405417,0.05405405405405417,0.18918918918918926,-0.027027027027027084,0.0,0.0,0.0,5.4054,5.4054,18.9189,-2.7027
early_no_oi,2026-09-24 15:00,BTTCUSDT,BTTC,,0.0,47.264269,0.560935,0.363877,0.027027,-0.026316,,,0.0,0.0,0.0,-0.02631578947368418,0.0,0.026315789473684292,-0.052631578947368474,0.0,0.0,0.0,-2.6316,0.0,2.6316,-5.2632
early_no_oi,2026-09-24 16:45,BTTCUSDT,BTTC,,0.0,30.150271,2.339271,1.453607,0.027778,-0.052632,,,0.0,0.0,-0.027027027027027084,0.0,0.027027027027026973,0.05405405405405417,-0.027027027027027084,0.0,0.0,-2.7027,0.0,2.7027,5.4054,-2.7027
early_no_oi,2026-09-24 22:45,BTTCUSDT,BTTC,,0.0,29.297891,2.539347,0.500339,0.027778,-0.052632,,,0.0,0.0,-0.027027027027027084,0.027027027027026973,0.027027027027026973,0.05405405405405417,-0.027027027027027084,0.0,0.0,-2.7027,2.7027,2.7027,5.4054,-2.7027
early_no_oi,2026-09-25 00:30,BTTCUSDT,BTTC,,0.0,55.342499,0.583237,0.583237,0.027027,-0.026316,,,0.0,-0.02631578947368418,-0.02631578947368418,-0.02631578947368418,0.0,0.026315789473684292,-0.052631578947368474,0.0,-2.6316,-2.6316,-2.6316,0.0,2.6316,-5.2632
early_no_oi,2026-09-28 18:15,BTTCUSDT,BTTC,,0.0,55.939279,0.676307,0.532271,0.055556,-0.052632,,,0.0,-0.02631578947368418,0.026315789473684292,0.0,0.0,0.026315789473684292,-0.052631578947368474,0.0,-2.6316,2.6316,0.0,0.0,2.6316,-5.2632
early_no_oi,2026-09-29 08:15,BTTCUSDT,BTTC,,0.0,73.237274,0.341458,0.269941,0.027027,-0.026316,,,0.0,0.0,0.0,0.0,-0.02631578947368418,0.0,-0.052631578947368474,0.0,0.0,0.0,0.0,-2.6316,0.0,-5.2632
early_no_oi,2026-09-20 21:15,CITYUSDT,CITY,,0.375,12.447012,0.408281,0.455432,0.019022,0.02507,,,-0.029333333333333322,-0.029333333333333322,-0.034666666666666734,-0.02400000000000002,-0.010666666666666713,0.026666666666666616,-0.07733333333333337,-2.9333,-2.9333,-3.4667,-2.4,-1.0667,2.6667,-7.7333
early_no_oi,2026-09-20 22:30,CITYUSDT,CITY,,0.372,31.457243,2.968576,0.469545,0.027624,0.008357,,,-0.005376344086021501,-0.008064516129032251,-0.013440860215053752,-0.013440860215053752,-0.008064516129032251,0.034946236559139754,-0.06989247311827962,-0.5376,-0.8065,-1.3441,-1.3441,-0.8065,3.4946,-6.9892
early_no_oi,2026-09-27 23:30,CITYUSDT,CITY,,0.381,17.939115,0.453827,0.453827,0.02973,-0.002695,,,-0.01049868766404205,-0.013123359580052507,-0.036745406824147064,-0.026246719160105014,-0.06299212598425208,0.01049868766404205,-0.09186351706036755,-1.0499,-1.3123,-3.6745,-2.6247,-6.2992,1.0499,-9.1864
early_no_oi,2026-09-11 20:45,CRCLBUSDT,CRCLB,,92.59,28.024961,0.221923,0.562621,0.017808,-0.007961,,,0.011340317528890864,0.0035640997947943287,-0.006156172372826507,-0.0007560211685927465,-0.009720272167620725,0.07841019548547346,-0.15336429420023767,1.134,0.3564,-0.6156,-0.0756,-0.972,7.841,-15.3364
early_no_oi,2026-09-14 18:00,CRCLBUSDT,CRCLB,,91.9,13.036942,1.98672,1.747379,0.012338,0.008667,,,-0.0016322089227421843,-0.0021762785636562088,-0.006311207834602928,0.010772578890097861,0.0051142546245919185,0.08650707290533166,-0.1470076169749729,-0.1632,-0.2176,-0.6311,1.0773,0.5114,8.6507,-14.7008
early_no_oi,2026-09-14 21:45,CRCLBUSDT,CRCLB,,94.3,24.457809,2.055832,2.040215,0.020563,0.035294,,,-0.014952279957582193,-0.007741251325556808,-0.016861081654294785,0.022163308589607578,-0.049204665959703076,0.058854718981972365,-0.1687168610816543,-1.4952,-0.7741,-1.6861,2.2163,-4.9205,5.8855,-16.8717
early_no_oi,2026-09-18 21:45,CRCLBUSDT,CRCLB,,89.6,18.232979,1.549729,1.549729,0.025406,0.049106,,,0.012834821428571397,0.010379464285714457,0.024107142857142883,0.019308035714285854,0.024553571428571397,0.1143973214285714,-0.10468749999999993,1.2835,1.0379,2.4107,1.9308,2.4554,11.4397,-10.4687
early_no_oi,2026-09-23 21:45,CRCLBUSDT,CRCLB,,96.83,26.426506,1.45856,1.45856,0.040064,-0.039711,,,-0.020551481978725583,-0.03748838169988633,-0.0442011773210782,-0.036662191469585825,-0.05143034183620787,0.00020654755757498755,-0.17153774656614684,-2.0551,-3.7488,-4.4201,-3.6662,-5.143,0.0207,-17.1538
early_no_oi,2026-09-24 06:30,CRCLBUSDT,CRCLB,,93.44,15.363179,0.210966,0.970385,0.015763,-0.020341,,,-0.006421232876712257,-0.005458047945205435,-0.00909674657534243,-0.014019691780821963,-0.011237157534246589,0.019263698630136883,-0.14148116438356162,-0.6421,-0.5458,-0.9097,-1.402,-1.1237,1.9264,-14.1481
early_no_oi,2026-09-30 20:45,CRCLBUSDT,CRCLB,,85.41,13.466494,0.650892,0.932398,0.01413,-0.036164,,,0.006790773914061576,0.009366584709050496,-0.01217656012176549,-0.021894391757405374,-0.03266596417281342,0.03465636342348688,-0.0607657182999648,0.6791,0.9367,-1.2177,-2.1894,-3.2666,3.4656,-6.0766
early_no_oi,2026-10-02 21:45,CRCLBUSDT,CRCLB,,88.16,18.19725,2.905506,0.515471,0.027626,0.047113,,,-0.036978221415607915,-0.03527676950998182,-0.0397005444646098,-0.08178312159709611,,0.002268602540834941,-0.09006352087114333,-3.6978,-3.5277,-3.9701,-8.1783,,0.2269,-9.0064
early_no_oi,2026-09-06 07:15,DCRUSDT,DCR,,15.9,12.178556,2.405506,2.885793,0.010165,0.031455,,,0.0018867924528300772,0.002515723270440251,-0.006918238993710801,0.023899371069182385,0.04150943396226414,0.2125786163522012,-0.07672955974842777,0.1887,0.2516,-0.6918,2.3899,4.1509,21.2579,-7.673
early_no_oi,2026-09-06 17:30,DCRUSDT,DCR,,17.03,11.566732,0.70944,2.770391,0.016716,-0.014126,,,-0.0011743981209629828,-0.0023487962419261876,-0.004697592483852153,-0.02524955960070463,-0.059894304169113344,0.13211978860833828,-0.1379917792131533,-0.1174,-0.2349,-0.4698,-2.525,-5.9894,13.212,-13.7992
early_no_oi,2026-09-08 22:15,DCRUSDT,DCR,,17.9,76.764726,2.355893,1.831971,0.101538,0.019448,,,0.0005586592178772332,-0.03910614525139666,-0.05698324022346368,-0.03631284916201105,-0.04078212290502781,0.0770949720670393,-0.17988826815642456,0.0559,-3.9106,-5.6983,-3.6313,-4.0782,7.7095,-17.9888
early_no_oi,2026-09-14 02:30,DCRUSDT,DCR,,17.27,11.420672,0.932681,0.418523,0.036615,0.022713,,,-0.02084539664157492,-0.04458598726114649,-0.05327156919513598,-0.05442964678633477,-0.03300521134916046,0.11638679791546047,-0.14997104806022,-2.0845,-4.4586,-5.3272,-5.443,-3.3005,11.6387,-14.9971
early_no_oi,2026-09-14 18:30,DCRUSDT,DCR,,17.36,12.321999,0.693687,0.611896,0.030267,0.033742,,,-0.011520737327188946,-0.009792626728110543,-0.033410138248847865,-0.031105990783410142,-0.047811059907833964,0.11059907834101401,-0.15437788018433174,-1.1521,-0.9793,-3.341,-3.1106,-4.7811,11.0599,-15.4378
early_no_oi,2026-09-18 00:30,DCRUSDT,DCR,,16.88,12.803559,0.614864,1.018308,0.020556,0.050159,,,-0.0011848341232226778,-0.01007109004739326,-0.006516587677725116,-0.0017772511848339612,0.024289099526066282,0.14218009478673,-0.038507109004739304,-0.1185,-1.0071,-0.6517,-0.1777,2.4289,14.218,-3.8507
early_no_oi,2026-09-23 00:30,DCRUSDT,DCR,,18.94,16.071812,2.000194,0.894018,0.033279,0.033258,,,-0.010031678986272552,-0.023231256599788863,-0.025343189017951406,0.006863780359028349,-0.02798310454065478,0.017951425554382228,-0.07602956705385433,-1.0032,-2.3231,-2.5343,0.6864,-2.7983,1.7951,-7.603
early_no_oi,2026-09-23 02:15,DCRUSDT,DCR,,18.75,16.380536,1.897758,1.897758,0.011873,0.051646,,,-0.00426666666666653,0.005333333333333412,0.01333333333333342,0.0047999999999999154,-0.019199999999999995,0.028266666666666662,-0.06666666666666665,-0.4267,0.5333,1.3333,0.48,-1.92,2.8267,-6.6667
early_no_oi,2026-09-06 17:00,DGBUSDT,DGB,,0.00521,19.480922,0.422096,0.244628,0.046185,-0.011905,,,-0.02303262955854135,0.0038387715930903177,-0.009596928982725683,-0.0249520153550864,-0.06909788867562383,0.03454894433781175,-0.33589251439539347,-2.3033,0.3839,-0.9597,-2.4952,-6.9098,3.4549,-33.5893
early_no_oi,2026-09-17 01:45,DGBUSDT,DGB,,0.00423,46.807694,0.532949,0.532949,0.116095,0.013369,,,-0.08510638297872342,-0.11111111111111116,-0.11347517730496459,-0.05673758865248246,0.004728132387706863,0.17257683215130015,-0.182033096926714,-8.5106,-11.1111,-11.3475,-5.6738,0.4728,17.2577,-18.2033
early_no_oi,2026-09-25 09:15,DGBUSDT,DGB,,0.00439,12.034694,0.843375,0.182477,0.018561,-0.004619,,,-0.015945330296127547,-0.02505694760820043,-0.015945330296127547,-0.004555808656036442,0.006833712984054774,0.1298405466970387,-0.059225512528473745,-1.5945,-2.5057,-1.5945,-0.4556,0.6834,12.9841,-5.9226
early_no_oi,2026-09-27 18:00,DGBUSDT,DGB,,0.00459,10.174271,0.193226,0.192474,0.043182,-0.006772,,,-0.017429193899782147,-0.02178649237472774,-0.023965141612200647,-0.0326797385620915,-0.03703703703703709,0.08061002178649224,-0.10021786492374729,-1.7429,-2.1786,-2.3965,-3.268,-3.7037,8.061,-10.0218
early_no_oi,2026-09-28 21:45,DGBUSDT,DGB,,0.00481,16.511644,2.580889,0.892013,0.019068,0.065463,,,0.0020790020790020236,-0.027027027027026973,-0.03118503118503113,-0.03950103950103956,-0.03326403326403338,0.027027027027026973,-0.14137214137214138,0.2079,-2.7027,-3.1185,-3.9501,-3.3264,2.7027,-14.1372
early_no_oi,2026-09-10 17:00,DODOUSDT,DODO,,0.01784,21.485639,0.290083,0.239612,0.030023,-0.019808,,,0.002802690582959455,0.10145739910313889,-0.01961883408071763,-0.045403587443946236,0.006165919282511201,0.17713004484304928,-0.06278026905829615,0.2803,10.1457,-1.9619,-4.5404,0.6166,17.713,-6.278
early_no_oi,2026-09-11 16:00,DODOUSDT,DODO,,0.01803,13.227744,1.172767,0.278984,0.011217,0.034223,,,-0.0033277870216307237,-0.0033277870216307237,-0.00443704936217415,-0.01885745978924014,-0.021075984470327325,0.06267332224070987,-0.07265668330560193,-0.3328,-0.3328,-0.4437,-1.8857,-2.1076,6.2673,-7.2657
early_no_oi,2026-09-11 19:15,DODOUSDT,DODO,,0.01797,15.390718,0.11321,0.390438,0.011824,0.021277,,,-0.005008347245408995,-0.010573177518085619,-0.018920422927100722,-0.028380634390651083,-0.013355592654424098,0.06622148024485264,-0.06956037840845863,-0.5008,-1.0573,-1.892,-2.8381,-1.3356,6.6221,-6.956
early_no_oi,2026-09-12 10:15,DODOUSDT,DODO,,0.01782,15.65849,0.077258,0.045581,0.011351,-0.006764,,,0.008417508417508435,0.008978675645342271,0.009539842873176108,-0.004489337822671136,-0.010662177328844002,0.07519640852974185,-0.06172839506172845,0.8418,0.8979,0.954,-0.4489,-1.0662,7.5196,-6.1728
early_no_oi,2026-09-12 12:45,DODOUSDT,DODO,,0.01801,24.717975,0.195242,0.201092,0.010662,0.010777,,,-0.0027762354247641285,-0.004997223764575454,-0.00610771793448095,-0.014991671293725917,-0.0005552470849530255,0.0638534147695724,-0.07162687395891187,-0.2776,-0.4997,-0.6108,-1.4992,-0.0555,6.3853,-7.1627
early_no_oi,2026-09-13 12:45,DODOUSDT,DODO,,0.018,26.976244,0.101228,0.141106,0.019253,-0.008979,,,-0.004444444444444473,0.0011111111111112848,-0.0038888888888887196,-0.0038888888888887196,-0.016111111111111076,0.06444444444444453,-0.07111111111111112,-0.4444,0.1111,-0.3889,-0.3889,-1.6111,6.4444,-7.1111
early_no_oi,2026-09-15 11:45,DODOUSDT,DODO,,0.01821,11.595505,0.126285,0.04213,0.014485,0.007295,,,0.0005491488193301031,0.0005491488193301031,0.012081274025260713,-0.02031850631521137,-0.030203185063152227,0.052169137836353574,-0.08182317408017581,0.0549,0.0549,1.2081,-2.0319,-3.0203,5.2169,-8.1823
early_no_oi,2026-09-16 07:45,DODOUSDT,DODO,,0.01796,13.458652,0.441577,0.171226,0.011831,-0.007826,,,-0.0044543429844098315,-0.012249443207127064,-0.010579064587973197,-0.016703786191536785,-0.01280623608017828,0.06681514476614692,-0.069042316258352,-0.4454,-1.2249,-1.0579,-1.6704,-1.2806,6.6815,-6.9042
early_no_oi,2026-09-17 17:45,DODOUSDT,DODO,,0.01825,21.591363,0.084789,0.104438,0.030491,-0.018837,,,-0.012054794520547807,-0.007123287671232825,-0.013698630136986356,-0.00383561643835606,0.0,0.04986301369863022,-0.0383561643835616,-1.2055,-0.7123,-1.3699,-0.3836,0.0,4.9863,-3.8356
early_no_oi,2026-09-20 17:30,DODOUSDT,DODO,,0.01789,15.267279,0.254812,0.231086,0.0159,-0.031353,,,0.0011179429849077493,-0.0005589714924538747,0.005589714924538747,0.01621017328116281,0.027948574622694178,0.07098937954164342,-0.019005030743432072,0.1118,-0.0559,0.559,1.621,2.7949,7.0989,-1.9005
early_no_oi,2026-09-25 20:45,DODOUSDT,DODO,,0.01862,28.810102,0.175503,0.096244,0.010309,-0.003784,,,-0.005907626208378258,-0.007518796992481258,-0.010741138560687591,0.0,-0.015037593984962516,0.029001074113855996,-0.030612244897959218,-0.5908,-0.7519,-1.0741,0.0,-1.5038,2.9001,-3.0612
early_no_oi,2026-09-07 19:15,FTTUSDT,FTT,,0.2305,22.264573,0.682951,0.317336,0.033632,0.002247,,,-0.04208242950108465,-0.03644251626898054,-0.010845986984815648,-0.0039045553145337086,-0.023427331887201808,0.5019522776572667,-0.16659436008676798,-4.2082,-3.6443,-1.0846,-0.3905,-2.3427,50.1952,-16.6594
early_no_oi,2026-09-13 11:00,FTTUSDT,FTT,,0.2205,10.932898,0.184584,0.190472,0.011004,-0.007734,,,-0.0036281179138322184,0.004081632653061273,0.0022675736961450532,0.0045351473922903285,-0.052607709750566944,0.5700680272108845,-0.1287981859410431,-0.3628,0.4082,0.2268,0.4535,-5.2608,57.0068,-12.8798
early_no_oi,2026-09-18 01:15,FTTUSDT,FTT,,0.2091,14.324812,0.495702,0.409434,0.02651,0.048379,,,-0.011956001912960312,-0.011956001912960312,0.01865136298421799,-0.007651841224294631,0.01434720229555242,0.655667144906743,-0.03012912482065999,-1.1956,-1.1956,1.8651,-0.7652,1.4347,65.5667,-3.0129
early_no_oi,2026-09-24 01:15,FTTUSDT,FTT,,0.2658,10.978518,2.382451,1.859555,0.04072,-0.006612,,,0.0007524454477052522,-0.014296463506395685,-0.021820917983446098,-0.021444695259593582,-0.01392024078254317,0.04439428141459767,-0.10722347629796825,0.0752,-1.4296,-2.1821,-2.1445,-1.392,4.4394,-10.7223
early_no_oi,2026-09-08 15:00,GLMRUSDT,GLMR,,0.006716,10.786347,0.722086,0.603495,0.025344,-0.001068,,,-0.014443120905300755,-0.012209648600357337,-0.022483621203097104,0.0935080405002977,0.08397855866587256,0.6974389517569983,-0.2042882668254914,-1.4443,-1.221,-2.2484,9.3508,8.3979,69.7439,-20.4288
early_no_oi,2026-09-08 18:15,GLMRUSDT,GLMR,,0.007,40.110945,1.670933,1.625538,0.020259,0.053593,,,-0.015285714285714347,0.032571428571428473,0.10457142857142854,0.08757142857142863,0.00742857142857134,0.6285714285714286,-0.23657142857142865,-1.5286,3.2571,10.4571,8.7571,0.7429,62.8571,-23.6571
early_no_oi,2026-09-17 19:30,GLMRUSDT,GLMR,,0.006071,11.147925,0.710606,0.808845,0.047627,0.064084,,,0.006588700378850287,0.07807609948937566,-0.0064239828693790635,-0.037226157140503924,-0.03788502717838904,0.8777796079723275,-0.056498105748641114,0.6589,7.8076,-0.6424,-3.7226,-3.7885,87.778,-5.6498
early_no_oi,2026-09-01 08:45,GNSUSDT,GNS,,0.538,15.780997,2.604048,0.46623,0.011278,0.039062,,,0.0,-0.016728624535315983,-0.013011152416356864,-0.0037174721189591198,-0.0390334572490707,0.1988847583643123,-0.26765799256505574,0.0,-1.6729,-1.3011,-0.3717,-3.9033,19.8885,-26.7658
early_no_oi,2026-09-13 23:15,GNSUSDT,GNS,,0.455,18.080645,1.095614,1.210639,0.050808,-0.002304,,,-0.03736263736263734,-0.03296703296703296,-0.04175824175824183,-0.04175824175824183,-0.08791208791208793,0.41758241758241765,-0.13406593406593403,-3.7363,-3.2967,-4.1758,-4.1758,-8.7912,41.7582,-13.4066
early_no_oi,2026-09-17 02:00,GNSUSDT,GNS,,0.407,25.508301,0.775167,1.19407,0.032995,-0.02716,,,-0.014742014742014642,-0.009828009828009687,-0.004914004914004733,-0.0073710073710072654,0.017199017199017286,0.5847665847665848,-0.027027027027026862,-1.4742,-0.9828,-0.4914,-0.7371,1.7199,58.4767,-2.7027
early_no_oi,2026-09-20 01:15,GNSUSDT,GNS,,0.435,12.050577,1.224613,2.267365,0.013986,-0.00464,,,0.0,0.0,-0.0022988505747126853,0.0,-0.0022988505747126853,0.48275862068965525,-0.06436781609195408,0.0,0.0,-0.2299,0.0,-0.2299,48.2759,-6.4368
early_no_oi,2026-09-21 00:15,GNSUSDT,GNS,,0.499,79.704428,1.354501,1.291867,0.160465,0.002331,,,-0.09619238476953906,-0.10220440881763526,-0.1302605210420842,-0.09018036072144286,-0.11823647294589179,0.29258517034068143,-0.18436873747494997,-9.6192,-10.2204,-13.0261,-9.018,-11.8236,29.2585,-18.4369
early_no_oi,2026-09-25 20:00,GNSUSDT,GNS,,0.48,13.225006,1.193647,0.911767,0.010526,0.025918,,,0.05625000000000013,0.05208333333333348,0.012499999999999956,0.02083333333333326,0.0,0.34375,-0.15208333333333335,5.625,5.2083,1.25,2.0833,0.0,34.375,-15.2083
early_no_oi,2026-09-26 16:00,GNSUSDT,GNS,,0.49,14.673232,2.023464,1.178181,0.012397,0.031983,,,-0.004081632653061273,-0.006122448979591799,-0.006122448979591799,-0.020408163265306145,0.0,0.3163265306122449,-0.16938775510204085,-0.4082,-0.6122,-0.6122,-2.0408,0.0,31.6327,-16.9388
early_no_oi,2026-09-27 21:15,GNSUSDT,GNS,,0.515,12.637926,1.72605,1.851037,0.034137,0.035343,,,-0.01747572815533982,-0.040776699029126284,-0.01553398058252431,-0.027184466019417486,-0.07961165048543695,0.2524271844660195,-0.20970873786407773,-1.7476,-4.0777,-1.5534,-2.7184,-7.9612,25.2427,-20.9709
early_no_oi,2026-09-28 07:30,GNSUSDT,GNS,,0.511,13.051013,1.187996,1.497811,0.015905,0.054507,,,-0.00195694716242667,-0.007827788649706457,-0.005870841487279899,-0.046966731898238745,-0.06262230919765177,0.26223091976516644,-0.203522504892368,-0.1957,-0.7828,-0.5871,-4.6967,-6.2622,26.2231,-20.3523
early_no_oi,2026-09-30 10:00,GNSUSDT,GNS,,0.492,10.949919,0.790571,0.704123,0.010267,0.025263,,,0.0060975609756097615,0.0,-0.002032520325203291,0.026422764227642226,-0.05284552845528445,0.3109756097560976,-0.1727642276422765,0.6098,0.0,-0.2033,2.6423,-5.2846,31.0976,-17.2764
early_no_oi,2026-09-30 13:45,GNSUSDT,GNS,,0.508,15.226851,0.840816,0.932406,0.016,0.041667,,,-0.0059055118110236116,-0.019685039370078705,-0.011811023622047223,0.023622047244094446,-0.057086614173228356,0.2696850393700787,-0.19881889763779537,-0.5906,-1.9685,-1.1811,2.3622,-5.7087,26.9685,-19.8819
early_no_oi,2026-09-30 15:15,GNSUSDT,GNS,,0.511,25.877777,1.796672,1.041464,0.011881,0.045549,,,0.009784735812133016,0.13502935420743634,0.09197651663405093,0.013698630136986356,-0.05870841487279843,0.26223091976516644,-0.203522504892368,0.9785,13.5029,9.1977,1.3699,-5.8708,26.2231,-20.3523
early_no_oi,2026-10-01 03:30,GNSUSDT,GNS,,0.468,13.694052,2.373712,1.439718,0.019608,-0.039749,,,-0.014957264957265015,-0.004273504273504258,-0.019230769230769273,-0.004273504273504258,0.017094017094017033,0.08974358974358965,-0.13034188034188043,-1.4957,-0.4274,-1.9231,-0.4274,1.7094,8.9744,-13.0342
early_no_oi,2026-09-24 21:45,INTCBUSDT,INTCB,,124.02,25.60219,1.150194,0.458651,0.027847,-0.025757,,,0.0007256894049347817,-0.0012094823415577105,-0.002177068214804012,0.009514594420254818,0.014675052410901612,0.050475729721012774,-0.08168037413320428,0.0726,-0.1209,-0.2177,0.9515,1.4675,5.0476,-8.168
early_no_oi,2026-09-01 08:15,IQUSDT,IQ,,0.000688,68.045924,1.985527,0.139248,0.040847,0.006088,,,-0.01744186046511642,-0.023255813953488413,-0.030523255813953654,-0.018895348837209336,0.07994186046511609,0.5159883720930234,-0.03197674418604646,-1.7442,-2.3256,-3.0523,-1.8895,7.9942,51.5988,-3.1977
early_no_oi,2026-09-01 16:30,IQUSDT,IQ,,0.000681,14.259803,0.486144,1.311379,0.016418,0.012085,,,0.12481644640234957,0.1262848751835537,0.2804698972099855,0.15271659324522768,0.0734214390602057,0.5315712187958885,0.0,12.4816,12.6285,28.047,15.2717,7.3421,53.1571,0.0
early_no_oi,2026-09-06 10:00,IQUSDT,IQ,,0.000731,10.146595,1.234398,0.303409,0.011065,0.026989,,,-0.00547195622435015,-0.0068399452804377425,-0.008207934336525335,0.004103967168262557,0.013679890560875485,0.4268125854993161,-0.015047879616962967,-0.5472,-0.684,-0.8208,0.4104,1.368,42.6813,-1.5048
early_no_oi,2026-09-09 18:45,IQUSDT,IQ,,0.000799,27.116935,2.519094,1.505737,0.052701,-0.001316,,,-0.007509386733416834,-0.051314142678347996,-0.04755944931163958,-0.030037546933667114,-0.0250312891113893,0.30538172715894873,-0.05381727158948679,-0.7509,-5.1314,-4.7559,-3.0038,-2.5031,30.5382,-5.3817
early_no_oi,2026-09-09 21:30,IQUSDT,IQ,,0.000801,18.918525,1.795597,2.898911,0.038911,0.006527,,,-0.0037453183520599342,-0.024968789013732784,-0.028714107365792607,-0.011235955056179803,-0.027465667915106073,0.3021223470661676,-0.05243445692883886,-0.3745,-2.4969,-2.8714,-1.1236,-2.7466,30.2122,-5.2434
early_no_oi,2026-09-11 08:45,IQUSDT,IQ,,0.000789,21.937271,2.692223,0.846803,0.022021,-0.06988,,,0.02408111533586821,-0.006337135614702172,0.005069708491761693,0.026615969581748944,0.02408111533586821,0.3219264892268696,-0.03802281368821292,2.4081,-0.6337,0.507,2.6616,2.4081,32.1926,-3.8023
early_no_oi,2026-09-13 10:15,IQUSDT,IQ,,0.00084,10.037776,2.731069,1.735554,0.016949,-0.103149,,,-0.004761904761904745,-0.004761904761904745,-0.004761904761904745,-0.01666666666666672,0.12380952380952381,0.2416666666666667,-0.059523809523809534,-0.4762,-0.4762,-0.4762,-1.6667,12.381,24.1667,-5.9524
early_no_oi,2026-09-13 21:00,IQUSDT,IQ,,0.000862,12.647331,1.120765,0.399619,0.02619,-0.018692,,,0.002320185614849146,0.02088167053364276,0.0139211136890951,0.05220417633410679,0.07308584686774933,0.20997679814385162,-0.08352668213457082,0.232,2.0882,1.3921,5.2204,7.3086,20.9977,-8.3527
early_no_oi,2026-09-23 09:00,IQUSDT,IQ,,0.000943,19.700927,2.469372,0.436206,0.018359,0.03118,,,-0.011664899257688321,-0.0010604453870626251,0.03711558854718966,0.02332979851537642,-0.05938494167550379,0.08589607635206775,-0.07211028632025451,-1.1665,-0.106,3.7116,2.333,-5.9385,8.5896,-7.211
early_no_oi,2026-09-25 11:00,IQUSDT,IQ,,0.000978,28.64345,0.336395,0.761597,0.015576,0.077181,,,-0.026584867075664542,-0.03476482617586907,-0.03169734151329229,-0.036809815950920144,-0.017382413087934423,0.04703476482617597,-0.09713701431492838,-2.6585,-3.4765,-3.1697,-3.681,-1.7382,4.7035,-9.7137
early_no_oi,2026-09-25 20:00,IQUSDT,IQ,,0.000981,57.688363,2.200006,0.677614,0.021875,0.046892,,,-0.0050968399592253855,-0.0050968399592253855,-0.009174311926605672,-0.02956167176350666,-0.022426095820591296,0.04383282364933727,-0.09989806320081562,-0.5097,-0.5097,-0.9174,-2.9562,-2.2426,4.3833,-9.9898
early_no_oi,2026-09-26 01:00,IQUSDT,IQ,,0.000974,13.038681,2.628819,2.308568,0.022036,-0.006257,,,0.007186858316221789,-0.010266940451745366,-0.014373716632443578,-0.005133470225872738,-0.014373716632443578,0.017453798767967044,-0.09342915811088304,0.7187,-1.0267,-1.4374,-0.5133,-1.4374,1.7454,-9.3429
early_no_oi,2026-09-24 22:00,JUVUSDT,JUV,,0.314,15.659587,0.613234,0.849229,0.012903,-0.015873,,,0.006369426751592355,0.006369426751592355,-0.006369426751592355,0.006369426751592355,0.019108280254777066,0.2452229299363058,-0.006369426751592355,0.6369,0.6369,-0.6369,0.6369,1.9108,24.5223,-0.6369
early_no_oi,2026-09-27 23:30,JUVUSDT,JUV,,0.383,119.424839,0.749131,0.749131,0.167683,0.018634,,,-0.09138381201044399,-0.1122715404699739,-0.1409921671018276,-0.14360313315926887,-0.16187989556135773,0.02088772845953013,-0.17754569190600522,-9.1384,-11.2272,-14.0992,-14.3603,-16.188,2.0888,-17.7546
early_no_oi,2026-09-28 15:15,JUVUSDT,JUV,,0.339,39.938733,1.186907,2.079525,0.046296,0.009346,,,0.005899705014749346,0.008849557522123908,-0.005899705014749235,-0.03539823008849563,-0.05899705014749268,0.08849557522123885,-0.07079646017699126,0.59,0.885,-0.59,-3.5398,-5.8997,8.8496,-7.0796
early_no_oi,2026-10-01 22:00,JUVUSDT,JUV,,0.335,36.625528,1.199142,0.519193,0.030769,0.018809,,,0.008955223880596996,-0.0268656716417911,-0.035820895522388096,-0.02985074626865669,-0.0268656716417911,0.04477611940298498,-0.05671641791044779,0.8955,-2.6866,-3.5821,-2.9851,-2.6866,4.4776,-5.6716
early_no_oi,2026-09-20 13:30,LAZIOUSDT,LAZIO,,0.386,13.085643,0.105202,0.344152,0.010471,0.005263,,,-0.002590673575129543,-0.007772020725388629,-0.012953367875647714,-0.012953367875647714,-0.002590673575129543,0.13989637305699487,-0.03626943005181349,-0.2591,-0.7772,-1.2953,-1.2953,-0.2591,13.9896,-3.6269
early_no_oi,2026-09-21 00:30,LAZIOUSDT,LAZIO,,0.385,14.888236,0.376943,0.273703,0.018519,-0.010471,,,-0.023376623376623384,-0.02857142857142858,-0.02857142857142858,-0.01558441558441559,0.0181818181818183,0.1428571428571428,-0.03376623376623378,-2.3377,-2.8571,-2.8571,-1.5584,1.8182,14.2857,-3.3766
early_no_oi,2026-09-24 01:00,LAZIOUSDT,LAZIO,,0.401,15.222504,0.40731,0.461633,0.044271,-0.015385,,,-0.029925187032418976,-0.03990024937655867,-0.04239401496259354,-0.04738154613466339,-0.01995012468827928,0.09725685785536164,-0.06234413965087282,-2.9925,-3.99,-4.2394,-4.7382,-1.995,9.7257,-6.2344
early_no_oi,2026-09-28 00:00,LAZIOUSDT,LAZIO,,0.42,29.454856,1.545967,0.318448,0.016949,0.017241,,,-0.02619047619047621,-0.030952380952380953,-0.02857142857142858,-0.02619047619047621,-0.04523809523809519,0.0071428571428571175,-0.10476190476190472,-2.619,-3.0952,-2.8571,-2.619,-4.5238,0.7143,-10.4762
early_no_oi,2026-10-02 23:00,LAZIOUSDT,LAZIO,,0.383,10.015395,1.603719,1.719136,0.010554,-0.04534,,,-0.007832898172323799,-0.0026109660574412663,-0.0026109660574412663,-0.007832898172323799,,0.023498694516971286,-0.010443864229765065,-0.7833,-0.2611,-0.2611,-0.7833,,2.3499,-1.0444
early_no_oi,2026-09-29 21:45,LITEBUSDT,LITEB,,966.57,18.507046,0.641579,0.478077,0.024408,-0.000942,,,0.02619572302057782,0.011163185284045696,0.019884747095399113,0.0035693224494861564,-0.01057347114021745,0.1284645705949905,-0.02690958751047534,2.6196,1.1163,1.9885,0.3569,-1.0573,12.8465,-2.691
early_no_oi,2026-09-07 19:00,LUNAUSDT,LUNA,,0.0491,54.682616,1.404855,0.301179,0.051392,-0.010593,,,0.0020366598778005507,-0.010183299389002087,0.1221995926680246,0.016293279022403295,-0.014256619144602856,0.33808553971486766,-0.13238289205702647,0.2037,-1.0183,12.22,1.6293,-1.4257,33.8086,-13.2383
early_no_oi,2026-09-18 17:00,LUNAUSDT,LUNA,,0.047,12.176376,0.539929,0.723905,0.012931,0.038031,,,0.0021276595744681437,0.006382978723404209,0.006382978723404209,0.0,0.023404255319148914,0.39787234042553177,-0.012765957446808529,0.2128,0.6383,0.6383,0.0,2.3404,39.7872,-1.2766
early_no_oi,2026-09-21 00:15,LUNAUSDT,LUNA,,0.0545,201.172355,0.687594,0.510612,0.133056,0.004175,,,0.15412844036697249,0.13027522935779823,0.06605504587155964,0.03302752293577993,-0.00917431192660556,0.20550458715596331,-0.1009174311926605,15.4128,13.0275,6.6055,3.3028,-0.9174,20.5505,-10.0917
early_no_oi,2026-09-23 05:15,LUNAUSDT,LUNA,,0.0565,50.651401,0.521366,0.904529,0.050186,-0.012844,,,-0.0017699115044248481,0.003539823008849474,0.0070796460176991705,-0.0017699115044248481,-0.09911504424778761,0.019469026548672552,-0.1327433628318584,-0.177,0.354,0.708,-0.177,-9.9115,1.9469,-13.2743
early_no_oi,2026-09-02 15:00,MBLUSDT,MBL,,0.000733,20.125257,0.313059,0.273569,0.04416,0.070122,,,-0.06548431105047758,-0.07366984993178716,-0.06821282401091411,-0.08731241473397,-0.07503410641200547,0.29604365620736695,-0.09004092769440664,-6.5484,-7.367,-6.8213,-8.7312,-7.5034,29.6044,-9.0041
early_no_oi,2026-09-07 08:15,MBLUSDT,MBL,,0.000717,20.485075,0.514233,0.493316,0.036127,-0.007174,,,-0.02231520223152017,-0.023709902370990243,-0.020920502092050097,-0.02789400278940024,0.004184100418410219,0.32496513249651326,-0.04463040446304045,-2.2315,-2.371,-2.0921,-2.7894,0.4184,32.4965,-4.463
early_no_oi,2026-09-28 08:15,MBLUSDT,MBL,,0.000888,13.008539,0.183658,0.148079,0.042254,0.008284,,,-0.019144144144144115,-0.018018018018017945,-0.0461711711711712,-0.05067567567567566,-0.07094594594594594,0.0033783783783782884,-0.10472972972972971,-1.9144,-1.8018,-4.6171,-5.0676,-7.0946,0.3378,-10.473
early_no_oi,2026-10-02 21:45,MSTRBUSDT,MSTRB,,169.05,16.127893,1.711774,1.079939,0.019172,0.077638,,,-0.01928423543330382,-0.028393966282165062,-0.03886424134871347,-0.0686779059449868,,0.00218870156758344,-0.07784679089026925,-1.9284,-2.8394,-3.8864,-6.8678,,0.2189,-7.7847
early_no_oi,2026-09-13 23:15,NEXOUSDT,NEXO,,0.836,13.693381,0.317086,0.517725,0.013333,-0.004825,,,-0.009569377990430672,-0.0071770334928229484,-0.011961722488038284,-0.009569377990430672,-0.014354066985645897,0.07655502392344515,-0.06937799043062198,-0.9569,-0.7177,-1.1962,-0.9569,-1.4354,7.6555,-6.9378
early_no_oi,2026-09-09 18:15,OSMOUSDT,OSMO,,0.04,37.848627,0.869535,0.744768,0.089918,0.02514,,,0.040000000000000036,-0.009999999999999898,-0.07000000000000006,-0.0625,-0.16000000000000003,0.05499999999999994,-0.21500000000000008,4.0,-1.0,-7.0,-6.25,-16.0,5.5,-21.5
early_no_oi,2026-10-01 22:00,PLTRBUSDT,PLTRB,,191.44,21.791048,0.919868,0.606489,0.02265,-0.008737,,,-0.009611366485582917,-0.0054325114918512,-0.016088591725867074,-0.00929795236105313,0.005171333054743155,0.01749895528625145,-0.018439197659841255,-0.9611,-0.5433,-1.6089,-0.9298,0.5171,1.7499,-1.8439
early_no_oi,2026-09-08 02:45,PORTOUSDT,PORTO,,0.482,19.07466,0.298326,0.302147,0.054705,0.006608,,,-0.018672199170124526,-0.012448132780083054,-0.010373443983402453,-0.008298755186721962,-0.049792531120331884,0.06639004149377592,-0.10788381742738584,-1.8672,-1.2448,-1.0373,-0.8299,-4.9793,6.639,-10.7884
early_no_oi,2026-09-09 14:15,PORTOUSDT,PORTO,,0.471,10.004572,0.48722,0.336557,0.012903,-0.018987,,,0.002123142250530785,0.00849256900212314,-0.019108280254776955,-0.014861995753715385,-0.048832271762207946,0.09129511677282376,-0.08704883227176219,0.2123,0.8493,-1.9108,-1.4862,-4.8832,9.1295,-8.7049
early_no_oi,2026-09-10 16:45,PORTOUSDT,PORTO,,0.469,16.836132,0.333165,0.309484,0.049217,-0.03871,,,-0.02985074626865658,-0.023454157782515916,-0.03198294243070354,-0.04051172707889117,-0.04264392324093813,0.09594882729211096,-0.08315565031982941,-2.9851,-2.3454,-3.1983,-4.0512,-4.2644,9.5949,-8.3156
early_no_oi,2026-09-24 01:00,PORTOUSDT,PORTO,,0.512,48.494675,0.881459,0.63341,0.101075,0.002155,,,-0.03125,-0.07617187500000011,-0.07617187500000011,-0.11328125,-0.09375,0.00390625,-0.12109375,-3.125,-7.6172,-7.6172,-11.3281,-9.375,0.3906,-12.1094
early_no_oi,2026-09-27 23:30,PORTOUSDT,PORTO,,0.48,10.300367,0.171117,0.236341,0.023454,0.0,,,-0.018750000000000044,-0.01666666666666672,-0.022916666666666696,-0.018750000000000044,-0.04583333333333328,0.0,-0.06249999999999989,-1.875,-1.6667,-2.2917,-1.875,-4.5833,0.0,-6.25
early_no_oi,2026-09-10 20:45,PSGUSDT,PSG,,0.484,12.500466,1.009549,0.546464,0.029787,-0.020833,,,0.06198347107438029,-0.024793388429752095,-0.0351239669421487,-0.045454545454545414,-0.03305785123966931,0.1322314049586779,-0.0826446280991735,6.1983,-2.4793,-3.5124,-4.5455,-3.3058,13.2231,-8.2645
early_no_oi,2026-09-27 20:15,PSGUSDT,PSG,,0.479,16.475979,1.046332,1.150892,0.012685,0.008529,,,-0.006263048016701522,-0.0041753653444676075,-0.0041753653444676075,-0.008350730688935326,-0.022964509394571953,0.029227557411273475,-0.050104384133611624,-0.6263,-0.4175,-0.4175,-0.8351,-2.2965,2.9228,-5.0104
early_no_oi,2026-09-27 23:30,PSGUSDT,PSG,,0.49,22.842445,0.643908,1.2859,0.031579,0.008493,,,0.00612244897959191,-0.020408163265306145,-0.032653061224489854,-0.032653061224489854,-0.061224489795918324,0.00612244897959191,-0.0714285714285714,0.6122,-2.0408,-3.2653,-3.2653,-6.1224,0.6122,-7.1429
early_no_oi,2026-09-08 18:15,QIUSDT,QI,,0.001383,33.310698,0.559146,0.410232,0.08216,0.012678,,,0.14316702819956628,0.26464208242950105,0.08170643528561095,0.0730296456977586,-0.049168474331164114,2.6731742588575567,-0.175704989154013,14.3167,26.4642,8.1706,7.303,-4.9168,267.3174,-17.5705
early_no_oi,2026-09-10 14:15,QIUSDT,QI,,0.001345,15.835075,0.445226,0.421277,0.018939,-0.006772,,,-0.020817843866171026,-0.04163568773234205,-0.06542750929368024,-0.0661710037174722,-0.07286245353159848,2.7769516728624537,-0.15241635687732347,-2.0818,-4.1636,-6.5428,-6.6171,-7.2862,277.6952,-15.2416
early_no_oi,2026-09-16 16:30,QIUSDT,QI,,0.001344,21.02711,0.800172,0.241719,0.043478,0.023034,,,-0.04687499999999989,-0.08184523809523803,-0.11755952380952372,-0.11532738095238093,-0.0982142857142857,2.779761904761905,-0.1517857142857143,-4.6875,-8.1845,-11.756,-11.5327,-9.8214,277.9762,-15.1786
early_no_oi,2026-09-20 23:15,QIUSDT,QI,,0.00143,11.255087,2.965631,1.059894,0.046852,-0.010145,,,0.0013986013986013734,0.04685314685314679,-0.01328671328671338,0.014685314685314754,-0.014685314685314643,2.5524475524475525,-0.04475524475524473,0.1399,4.6853,-1.3287,1.4685,-1.4685,255.2448,-4.4755
early_no_oi,2026-09-28 22:30,QIUSDT,QI,,0.003274,16.463705,2.667565,1.99246,0.073443,-0.196311,,,-0.03817959682345762,-0.014966401954795372,-0.03420891875381804,-0.07238851557727544,-0.05314599877825299,0.1585216860109957,-0.24007330482590095,-3.818,-1.4966,-3.4209,-7.2389,-5.3146,15.8522,-24.0073
early_no_oi,2026-09-30 08:00,QIUSDT,QI,,0.00335,10.583188,1.36038,0.676915,0.057449,0.006034,,,-0.05462686567164177,-0.06447761194029855,-0.06537313432835823,-0.09641791044776116,-0.12328358208955226,0.0026865671641791433,-0.25731343283582087,-5.4627,-6.4478,-6.5373,-9.6418,-12.3284,0.2687,-25.7313
early_no_oi,2026-09-03 13:15,QKCUSDT,QKC,,0.002408,36.117788,0.418213,0.402936,0.05614,0.035422,,,-0.04235880398671099,-0.06810631229235886,-0.08803986710963452,-0.06602990033222589,-0.0647840531561461,0.49626245847176076,-0.09634551495016608,-4.2359,-6.8106,-8.804,-6.603,-6.4784,49.6262,-9.6346
early_no_oi,2026-09-08 08:15,QKCUSDT,QKC,,0.002455,70.173759,0.403403,0.124547,0.097452,-0.010177,,,-0.008146639511201648,-0.019959266802443976,-0.0321792260692465,0.1120162932790223,0.325865580448065,0.4676171079429734,-0.06272912423625254,-0.8147,-1.9959,-3.2179,11.2016,32.5866,46.7617,-6.2729
early_no_oi,2026-09-11 08:15,QKCUSDT,QKC,,0.002551,21.075556,0.51338,0.630353,0.091104,-0.129885,,,-0.026656213249706018,-0.06938455507644059,-0.0811446491571931,-0.061152489219913675,-0.08192865542924344,0.40650725205801663,-0.09800078400627199,-2.6656,-6.9385,-8.1145,-6.1152,-8.1929,40.6507,-9.8001
early_no_oi,2026-09-15 08:15,QKCUSDT,QKC,,0.00272,21.951551,1.057744,2.076236,0.033827,0.078721,,,-0.022794117647058854,0.022794117647058743,0.04044117647058809,-0.07389705882352948,-0.1264705882352941,0.30036764705882346,-0.15404411764705883,-2.2794,2.2794,4.0441,-7.3897,-12.6471,30.0368,-15.4044
early_no_oi,2026-09-19 08:15,QKCUSDT,QKC,,0.002965,95.470425,0.292953,0.211933,0.180334,0.075342,,,-0.1096121416526139,-0.05564924114671166,-0.07790893760539641,-0.03338954468802702,-0.07082630691399672,0.19291736930860037,-0.11905564924114675,-10.9612,-5.5649,-7.7909,-3.339,-7.0826,19.2917,-11.9056
early_no_oi,2026-09-25 09:45,QKCUSDT,QKC,,0.003088,17.547389,1.201021,0.185387,0.055005,0.06359,,,-0.02493523316062185,-0.05213730569948194,-0.06573834196891193,-0.0090673575129534,-0.03270725388601037,0.06865284974093266,-0.1295336787564767,-2.4935,-5.2137,-6.5738,-0.9067,-3.2707,6.8653,-12.9534
early_no_oi,2026-09-25 13:45,QKCUSDT,QKC,,0.00306,11.590618,1.978431,2.976817,0.024439,0.067167,,,-0.02026143790849677,-0.01862745098039209,-0.03169934640522876,-0.027450980392156876,-0.027450980392156876,0.07843137254901977,-0.1215686274509804,-2.0261,-1.8627,-3.1699,-2.7451,-2.7451,7.8431,-12.1569
early_no_oi,2026-10-01 18:00,QKCUSDT,QKC,,0.003261,60.99071,1.194614,1.490502,0.124483,0.036455,,,-0.03986507206378409,-0.09966268015946034,-0.10640907697025459,-0.12695492180312784,-0.1376878258203006,0.006746396810794142,-0.16344679546151486,-3.9865,-9.9663,-10.6409,-12.6955,-13.7688,0.6746,-16.3447
early_no_oi,2026-09-09 01:15,QUICKUSDT,QUICK,,0.00933,14.153412,0.300928,0.288641,0.011931,0.004357,,,0.0,-0.003215434083601365,-0.002143622722400762,-0.003215434083601365,-0.01393354769560562,0.7213290460878887,-0.06109324758842438,0.0,-0.3215,-0.2144,-0.3215,-1.3934,72.1329,-6.1093
early_no_oi,2026-09-09 17:30,QUICKUSDT,QUICK,,0.00934,13.877738,0.397141,0.312538,0.016322,0.001089,,,-0.010706638115631661,-0.008565310492505418,-0.013918629550321193,-0.0010706638115631772,-0.02569593147751592,0.71948608137045,-0.062098501070663725,-1.0707,-0.8565,-1.3919,-0.1071,-2.5696,71.9486,-6.2099
early_no_oi,2026-09-13 07:15,QUICKUSDT,QUICK,,0.0095,13.008223,0.087432,0.07821,0.050885,-0.003308,,,-0.056842105263157916,-0.051578947368420947,-0.05052631578947364,-0.04421052631578948,-0.03157894736842104,0.6905263157894739,-0.07789473684210524,-5.6842,-5.1579,-5.0526,-4.4211,-3.1579,69.0526,-7.7895
early_no_oi,2026-09-13 12:00,QUICKUSDT,QUICK,,0.00927,18.117133,0.159199,0.194127,0.016447,-0.004367,,,-0.006472491909385258,-0.007551240560949357,-0.005393743257820938,-0.008629989212513456,0.010787486515641875,0.732470334412082,-0.055016181229773475,-0.6472,-0.7551,-0.5394,-0.863,1.0787,73.247,-5.5016
early_no_oi,2026-09-23 11:00,QUICKUSDT,QUICK,,0.01,13.512331,0.392114,0.200232,0.025641,0.022013,,,-0.025000000000000022,-0.029000000000000026,-0.038000000000000034,-0.025000000000000022,-0.07100000000000006,0.6060000000000001,-0.07699999999999996,-2.5,-2.9,-3.8,-2.5,-7.1,60.6,-7.7
early_no_oi,2026-09-25 17:15,QUICKUSDT,QUICK,,0.01032,25.378033,0.778987,0.461599,0.063918,0.04189,,,-0.011627906976744096,-0.028100775193798277,-0.025193798449612337,0.31589147286821717,0.18217054263565902,0.5562015503875972,-0.05910852713178294,-1.1628,-2.8101,-2.5194,31.5891,18.2171,55.6202,-5.9109
early_no_oi,2026-09-27 08:15,QUICKUSDT,QUICK,,0.0116,61.900244,1.050975,1.215432,0.051677,-0.016934,,,-0.013793103448275779,-0.04310344827586199,-0.03275862068965507,-0.012931034482758563,-0.059482758620689635,0.14137931034482776,-0.16293103448275859,-1.3793,-4.3103,-3.2759,-1.2931,-5.9483,14.1379,-16.2931
early_no_oi,2026-09-29 16:30,QUICKUSDT,QUICK,,0.01115,12.430408,1.006015,0.631788,0.072115,0.041041,,,0.06726457399103136,0.12107623318385663,0.041255605381165905,0.013452914798206095,-0.08699551569506725,0.18744394618834082,-0.1076233183856502,6.7265,12.1076,4.1256,1.3453,-8.6996,18.7444,-10.7623
early_no_oi,2026-10-02 07:45,QUICKUSDT,QUICK,,0.01083,12.396224,1.13991,0.583808,0.031429,-0.002849,,,-0.06555863342566937,-0.06278855032317632,-0.05263157894736836,-0.048014773776546615,-0.05632502308402576,0.19575253924284408,-0.08125577100646342,-6.5559,-6.2789,-5.2632,-4.8015,-5.6325,19.5753,-8.1256
early_no_oi,2026-10-02 12:45,QUICKUSDT,QUICK,,0.01067,16.555365,1.956397,1.12903,0.014259,-0.025023,,,-0.0009372071227742307,0.0009372071227740086,0.0,-0.0037488284910965897,-0.03467666354264298,0.21368322399250217,-0.05342080599812571,-0.0937,0.0937,0.0,-0.3749,-3.4677,21.3683,-5.3421
early_no_oi,2026-10-02 14:00,QUICKUSDT,QUICK,,0.01185,36.6467,1.318674,1.112602,0.11059,0.026949,,,-0.03544303797468351,-0.053164556962025156,-0.08101265822784798,-0.09535864978902941,-0.10295358649789021,0.09282700421940926,-0.14767932489451474,-3.5443,-5.3165,-8.1013,-9.5359,-10.2954,9.2827,-14.7679
early_no_oi,2026-09-01 00:15,RADUSDT,RAD,,0.236,17.892475,0.378858,0.368371,0.012876,-0.008511,,,-0.012711864406779516,-0.012711864406779516,-0.016949152542372725,-0.008474576271186307,-0.008474576271186307,0.22033898305084754,-0.05508474576271183,-1.2712,-1.2712,-1.6949,-0.8475,-0.8475,22.0339,-5.5085
early_no_oi,2026-09-14 02:45,RADUSDT,RAD,,0.241,10.128315,0.384962,0.305939,0.016878,0.012821,,,0.02489626556016611,0.04149377593361003,-0.004149377593360981,-0.016597510373444035,-0.029045643153526868,0.19502074688796678,-0.07468879668049788,2.4896,4.1494,-0.4149,-1.6598,-2.9046,19.5021,-7.4689
early_no_oi,2026-09-26 20:00,RADUSDT,RAD,,0.262,44.804557,2.911246,0.391516,0.015504,0.044534,,,0.04961832061068705,-0.011450381679389277,-0.011450381679389277,-0.007633587786259555,-0.022900763358778664,0.09923664122137388,-0.06488549618320616,4.9618,-1.145,-1.145,-0.7634,-2.2901,9.9237,-6.4885
early_no_oi,2026-09-27 04:30,RADUSDT,RAD,,0.261,12.678106,1.038792,1.20346,0.011628,0.032,,,0.019157088122605304,0.08045977011494232,0.015325670498084198,0.003831417624521105,0.0,0.10344827586206895,-0.06130268199233724,1.9157,8.046,1.5326,0.3831,0.0,10.3448,-6.1303
early_no_oi,2026-09-27 20:45,RADUSDT,RAD,,0.269,40.158366,2.495471,1.800101,0.034615,0.003861,,,-0.01115241635687736,0.011152416356877248,0.0,-0.029739776951672847,-0.06691449814126404,0.055762081784386464,-0.08921933085501865,-1.1152,1.1152,0.0,-2.974,-6.6914,5.5762,-8.9219
early_no_oi,2026-09-18 11:30,RAYUSDT,RAY,,1.6258,22.703955,2.664442,2.249007,0.045396,0.079775,,,0.014884979702300516,0.019805634149341778,0.0311231393775373,0.04588510271866153,0.05714109976626891,0.449194242834297,-0.03063107393283293,1.4885,1.9806,3.1123,4.5885,5.7141,44.9194,-3.0631
early_no_oi,2026-09-30 20:45,RAYUSDT,RAY,,1.986,10.894997,1.199477,0.978594,0.035778,-0.002601,,,0.01993957703927496,0.036958710976837894,0.02301107754279963,0.035146022155085666,-0.03902316213494461,0.05372608257804612,-0.07351460221550854,1.994,3.6959,2.3011,3.5146,-3.9023,5.3726,-7.3515
early_no_oi,2026-09-06 19:15,REQUSDT,REQ,,0.0521,17.786197,1.897391,0.480711,0.015595,-0.08881,,,0.0057581573896352545,0.0038387715930900956,0.015355086372360827,-0.0019193857965451588,0.0057581573896352545,0.2783109404990405,-0.053742802303263004,0.5758,0.3839,1.5355,-0.1919,0.5758,27.8311,-5.3743
early_no_oi,2026-09-18 21:45,REQUSDT,REQ,,0.0527,46.145307,1.55607,0.487805,0.019342,-0.001931,,,-0.007590132827324458,-0.018975332068311035,-0.009487666034155517,0.0,-0.005692599620493288,0.26375711574952576,-0.05123339658444015,-0.759,-1.8975,-0.9488,0.0,-0.5693,26.3757,-5.1233
early_no_oi,2026-09-19 23:15,REQUSDT,REQ,,0.0592,147.776809,0.19892,1.017048,0.125475,0.0,,,-0.08614864864864868,-0.07939189189189189,-0.06756756756756765,-0.08783783783783794,0.0625,0.1114864864864864,-0.12162162162162171,-8.6149,-7.9392,-6.7568,-8.7838,6.25,11.1486,-12.1622
early_no_oi,2026-09-20 23:15,REQUSDT,REQ,,0.0629,130.502034,0.773871,0.670212,0.141561,0.047529,,,-0.011128775834658211,-0.07631160572337037,-0.11446740858505566,-0.13831478537360886,-0.06518282988871227,0.033386327503974744,-0.17329093799682038,-1.1129,-7.6312,-11.4467,-13.8315,-6.5183,3.3386,-17.3291
early_no_oi,2026-09-24 21:45,REQUSDT,REQ,,0.0565,24.890721,1.085676,1.917619,0.016187,-0.051195,,,-0.030088495575221197,-0.024778761061946875,-0.0070796460176991705,-0.010619469026548756,0.0070796460176991705,0.13982300884955756,-0.06194690265486735,-3.0088,-2.4779,-0.708,-1.0619,0.708,13.9823,-6.1947
early_no_oi,2026-09-27 23:00,REQUSDT,REQ,,0.0602,13.920467,0.201914,0.342074,0.061728,-0.019031,,,-0.04983388704318925,-0.05149501661129563,-0.06146179401993346,-0.04485049833887034,-0.07475083056478404,0.06976744186046524,-0.11960132890365449,-4.9834,-5.1495,-6.1462,-4.485,-7.4751,6.9767,-11.9601
early_no_oi,2026-09-01 08:15,SCUSDT,SC,,0.000672,108.881,0.158485,0.194389,0.125628,0.003361,,,-0.04613095238095233,-0.01636904761904756,-0.017857142857142794,0.18601190476190488,0.34523809523809534,1.130952380952381,-0.06249999999999989,-4.6131,-1.6369,-1.7857,18.6012,34.5238,113.0952,-6.25
early_no_oi,2026-09-05 10:30,SCUSDT,SC,,0.000754,22.908113,0.792616,0.715155,0.051604,0.014144,,,-0.010610079575596787,-0.035809018567639295,-0.035809018567639295,-0.03448275862068961,-0.022546419098143256,0.8992042440318302,-0.05702917771883287,-1.061,-3.5809,-3.5809,-3.4483,-2.2546,89.9204,-5.7029
early_no_oi,2026-09-11 08:30,SCUSDT,SC,,0.000817,12.244319,0.763558,0.869368,0.030265,-0.133333,,,0.0966952264381884,0.14932680538555676,0.07466340269277838,0.1346389228886169,0.2435740514075886,0.752753977968176,-0.02080783353733162,9.6695,14.9327,7.4663,13.4639,24.3574,75.2754,-2.0808
early_no_oi,2026-09-11 19:15,SCUSDT,SC,,0.0009,10.413589,2.032211,2.531673,0.030928,0.049279,,,-0.04111111111111099,-0.04555555555555557,-0.023333333333333317,-0.04222222222222216,0.040000000000000036,0.5911111111111111,-0.11111111111111105,-4.1111,-4.5556,-2.3333,-4.2222,4.0,59.1111,-11.1111
early_no_oi,2026-09-12 02:00,SCUSDT,SC,,0.000894,12.364549,0.906743,1.112698,0.045614,0.054254,,,-0.02908277404921711,-0.02908277404921711,-0.03691275167785235,-0.04362416107382561,0.0615212527964204,0.6017897091722593,-0.10514541387024612,-2.9083,-2.9083,-3.6913,-4.3624,6.1521,60.179,-10.5145
early_no_oi,2026-09-20 16:00,SCUSDT,SC,,0.000957,12.492727,1.000116,0.203685,0.019169,0.019544,,,-0.019853709508881878,-0.021943573667711602,-0.03761755485893403,-0.04911180773249735,-0.030303030303030276,0.49634273772204796,-0.06374085684430508,-1.9854,-2.1944,-3.7618,-4.9112,-3.0303,49.6343,-6.3741
early_no_oi,2026-09-23 09:00,SCUSDT,SC,,0.001044,36.052446,2.062595,0.421876,0.021526,0.061267,,,-0.02298850574712641,-0.03352490421455945,-0.039272030651340994,-0.026819923371647514,-0.07758620689655171,0.37164750957854387,-0.09195402298850575,-2.2989,-3.3525,-3.9272,-2.682,-7.7586,37.1648,-9.1954
early_no_oi,2026-09-26 01:00,SCUSDT,SC,,0.00118,99.119098,0.281592,0.462086,0.14786,0.021869,,,0.08644067796610155,-0.0703389830508474,-0.07203389830508478,-0.09576271186440677,-0.07966101694915262,0.21355932203389805,-0.1559322033898306,8.6441,-7.0339,-7.2034,-9.5763,-7.9661,21.3559,-15.5932
early_no_oi,2026-09-27 08:15,SCUSDT,SC,,0.001189,21.921311,0.770026,0.620184,0.100926,-0.015497,,,-0.04541631623212783,-0.03952901597981495,-0.04121110176619003,-0.056349873843566045,-0.028595458368376736,0.033641715727502186,-0.16232127838519772,-4.5416,-3.9529,-4.1211,-5.635,-2.8595,3.3642,-16.2321
early_no_oi,2026-09-17 21:45,SNDKBUSDT,SNDKB,,1608.07,12.485463,0.898868,0.392862,0.026294,0.010408,,,0.004321951158842596,-0.009172486272363778,0.001498690977382866,-0.00784169843352589,0.03437661295839112,0.18679535094865285,-0.01624307399553493,0.4322,-0.9172,0.1499,-0.7842,3.4377,18.6795,-1.6243
early_no_oi,2026-09-18 21:45,SNDKBUSDT,SNDKB,,1663.35,13.760989,1.342899,0.301495,0.021425,0.039308,,,0.01894970992274625,0.02515405657257963,0.026999729461628652,0.04768088496107259,0.07180088375867988,0.14735323293353786,-0.002074127513752244,1.895,2.5154,2.7,4.7681,7.1801,14.7353,-0.2074
early_no_oi,2026-09-22 21:45,SNDKBUSDT,SNDKB,,1883.22,18.509456,0.741911,0.725012,0.071277,-0.037795,,,0.007359734922101513,0.002516965622709977,-0.006127802381028169,0.005894160002548832,-0.017671859899533793,0.013397266384171713,-0.11807436199700516,0.736,0.2517,-0.6128,0.5894,-1.7672,1.3397,-11.8074
early_no_oi,2026-10-02 21:45,SPCXBUSDT,SPCXB,,153.41,12.825834,1.188049,0.60667,0.025811,-0.007038,,,0.017273971709797387,0.020728766051756775,0.027051691545531664,0.0288768659148686,,0.04263085848380155,-0.00019555439671470332,1.7274,2.0729,2.7052,2.8877,,4.2631,-0.0196
early_no_oi,2026-09-19 08:00,STGUSDT,STG,,0.1558,27.047913,1.018024,1.129001,0.10106,-0.060425,,,0.0019255455712452463,-0.007060333761232274,0.007702182284980763,-0.006418485237484006,-0.0802310654685493,0.15083440308087281,-0.24326059050064175,0.1926,-0.706,0.7702,-0.6418,-8.0231,15.0834,-24.3261
early_no_oi,2026-09-19 16:45,STGUSDT,STG,,0.1644,45.111322,1.578229,1.125751,0.045802,0.034891,,,0.05900243309002451,0.06447688564476883,0.017031630170316392,-0.04805352798053519,-0.16970802919708017,0.08211678832116798,-0.28284671532846706,5.9002,6.4477,1.7032,-4.8054,-16.9708,8.2117,-28.2847
early_no_oi,2026-09-26 23:00,STGUSDT,STG,,0.1419,12.113299,0.511444,0.181721,0.015748,0.053544,,,0.01127554615926707,0.000704721634954053,-0.010570824524312905,-0.01127554615926707,-0.020436927413671535,0.21634954193093736,-0.13178294573643412,1.1276,0.0705,-1.0571,-1.1276,-2.0437,21.635,-13.1783
early_no_oi,2026-09-01 18:00,STRAXUSDT,STRAX,,0.01068,35.341276,0.105594,0.032173,0.128964,0.028261,,,-0.04588014981273414,-0.07022471910112371,-0.0449438202247191,-0.08520599250936345,-0.11891385767790263,0.24531835205992492,-0.13670411985018727,-4.588,-7.0225,-4.4944,-8.5206,-11.8914,24.5318,-13.6704
early_no_oi,2026-09-20 18:15,STRAXUSDT,STRAX,,0.01142,13.187419,0.575013,0.734496,0.064306,0.018993,,,-0.035901926444833476,-0.05078809106830118,-0.07880910683012254,-0.06830122591943955,-0.03327495621716292,0.07092819614711043,-0.08056042031523636,-3.5902,-5.0788,-7.8809,-6.8301,-3.3275,7.0928,-8.056
early_no_oi,2026-09-05 03:00,TFUELUSDT,TFUEL,,0.00938,25.439999,0.76176,0.534542,0.018458,0.0,,,-0.005330490405117239,-0.004264392324093813,-0.008528784648187626,-0.013859275053304865,0.007462686567164312,0.4690831556503199,-0.043710021321961556,-0.533,-0.4264,-0.8529,-1.3859,0.7463,46.9083,-4.371
early_no_oi,2026-09-10 15:45,TFUELUSDT,TFUEL,,0.00982,37.985473,0.458077,1.072353,0.033684,-0.005236,,,-0.02342158859470478,-0.03258655804480659,-0.04073319755600824,-0.04480651731160912,0.2861507128309573,0.4032586558044806,-0.0865580448065173,-2.3422,-3.2587,-4.0733,-4.4807,28.6151,40.3259,-8.6558
early_no_oi,2026-09-11 08:15,TFUELUSDT,TFUEL,,0.01281,610.499207,0.86131,0.402659,0.41547,-0.032086,,,0.013270882123341154,-0.04839968774395009,-0.02654176424668231,-0.004683840749414636,-0.18813427010148331,0.06947697111631546,-0.29195940671350507,1.3271,-4.84,-2.6542,-0.4684,-18.8134,6.9477,-29.1959
early_no_oi,2026-09-13 18:15,TFUELUSDT,TFUEL,,0.00995,15.989277,1.776111,1.395156,0.023663,-0.055394,,,0.018090452261306567,0.0020100502512561125,-0.0060301507537688925,0.011055276381909396,0.0170854271356784,0.18291457286432156,-0.08844221105527639,1.809,0.201,-0.603,1.1055,1.7085,18.2915,-8.8442
early_no_oi,2026-09-14 06:00,TFUELUSDT,TFUEL,,0.01034,19.577484,1.204555,0.573221,0.024777,0.006986,,,-0.029013539651837505,-0.023210831721470093,-0.022243713733075543,-0.02127659574468077,-0.029013539651837505,0.13829787234042534,-0.1228239845261122,-2.9014,-2.3211,-2.2244,-2.1277,-2.9014,13.8298,-12.2824
early_no_oi,2026-09-16 12:30,TFUELUSDT,TFUEL,,0.00939,14.141641,2.188706,0.604476,0.014039,-0.060852,,,-0.0031948881789137795,0.0031948881789136685,0.006389776357827337,-0.022364217252396124,-0.00532481363152304,0.25346112886048977,-0.03407880724174661,-0.3195,0.3195,0.639,-2.2364,-0.5325,25.3461,-3.4079
early_no_oi,2026-09-19 15:45,TFUELUSDT,TFUEL,,0.01052,16.618669,2.114803,1.819671,0.01938,0.066116,,,0.0019011406844107182,0.0019011406844107182,0.002851711026615966,-0.011406844106463865,-0.03897338403041828,0.11882129277566533,-0.13783269961977185,0.1901,0.1901,0.2852,-1.1407,-3.8973,11.8821,-13.7833
early_no_oi,2026-09-21 18:30,TFUELUSDT,TFUEL,,0.01075,11.200559,0.881382,0.488934,0.013195,0.055721,,,-0.0037209302325580396,-0.0046511627906976605,-0.0027906976744185297,-0.00558139534883717,-0.013023255813953472,0.09488372093023267,-0.15627906976744177,-0.3721,-0.4651,-0.2791,-0.5581,-1.3023,9.4884,-15.6279
early_no_oi,2026-09-24 02:45,TKOUSDT,TKO,,0.0585,14.477161,2.417711,2.417711,0.033569,0.00177,,,-0.018803418803418848,-0.032478632478632585,-0.03418803418803418,-0.027350427350427475,-0.022222222222222254,0.10085470085470072,-0.058119658119658135,-1.8803,-3.2479,-3.4188,-2.735,-2.2222,10.0855,-5.812
early_no_oi,2026-09-25 00:30,TSLABUSDT,TSLAB,,380.05,11.787941,1.745352,2.90921,0.010583,-0.010707,,,0.0036311011708984875,0.005999210630180274,0.002262860149980339,-0.006157084594132445,-0.01936587291145908,0.016603078542297034,-0.0886462307591106,0.3631,0.5999,0.2263,-0.6157,-1.9366,1.6603,-8.8646
early_no_oi,2026-10-02 21:15,TSLABUSDT,TSLAB,,360.99,27.03866,2.086916,1.044829,0.010752,0.00143,,,-0.0021607246738137853,0.022244383500927833,0.03324191805867205,0.03005623424471593,,0.03772957699659263,-0.0037674173799828736,-0.2161,2.2244,3.3242,3.0056,,3.773,-0.3767
early_no_oi,2026-09-11 22:00,WBETHUSDT,WBETH,,2900.86,115.330892,2.123592,0.402296,0.040249,0.040755,,,-0.004746868170128815,-0.002671621519135692,-0.007101342360541274,-0.02220376026419757,-0.030597822714643286,0.07037223444082086,-0.10149059244499914,-0.4747,-0.2672,-0.7101,-2.2204,-3.0598,7.0372,-10.1491
early_no_oi,2026-09-22 04:30,WBETHUSDT,WBETH,,3103.95,10.057013,0.729195,0.486971,0.012827,0.053097,,,-0.008798466470142818,-0.007570998244172733,-0.01360202322846693,-0.012751494064015212,-0.018357254466083495,-9.987274279543712e-05,-0.06361571545933409,-0.8798,-0.7571,-1.3602,-1.2751,-1.8357,-0.01,-6.3616
early_no_oi,2026-09-11 22:00,WBTCUSDT,WBTC,,79190.49,12.919262,1.0429,0.922454,0.016914,0.012499,,,-0.0006440167247354633,-0.0018387308880144504,-0.004973829559584808,-0.02027528810593293,-0.022869917839882015,0.10348250149733884,-0.055438096165335016,-0.0644,-0.1839,-0.4974,-2.0275,-2.287,10.3483,-5.5438
early_no_oi,2026-09-21 16:45,WBTCUSDT,WBTC,,83490.58,14.996284,1.605365,1.479878,0.016225,0.022189,,,0.003263002844153151,0.004665077185953326,0.0181506704109613,0.021570337635694825,0.031111174458244406,0.04664885547567166,-0.011165690788110472,0.3263,0.4665,1.8151,2.157,3.1111,4.6649,-1.1166
early_no_oi,2026-09-03 08:00,WINUSDT,WIN,,3.2e-05,59.308618,0.665296,0.407027,0.021578,-0.026646,,,0.007566204287515754,0.00819672131147553,0.010718789407313967,0.021437578814627933,0.05390920554854972,0.733921815889029,-0.004413619167717542,0.7566,0.8197,1.0719,2.1438,5.3909,73.3922,-0.4414
early_no_oi,2026-09-05 14:00,WINUSDT,WIN,,3.4e-05,21.625698,0.213865,0.262816,0.015326,0.005036,,,0.0040638606676344224,0.004934687953555894,0.0034833091436867747,0.007256894049347151,0.02873730043541367,0.5965166908563138,-0.006966618287372883,0.4064,0.4935,0.3483,0.7257,2.8737,59.6517,-0.6967
early_no_oi,2026-09-08 17:15,WINUSDT,WIN,,3.8e-05,15.755059,0.516086,0.402112,0.011841,0.015578,,,-0.009042553191489389,-0.0037234042553192515,-0.005851063829787284,-0.017021276595744705,0.02207446808510638,0.4627659574468086,-0.03936170212765955,-0.9043,-0.3723,-0.5851,-1.7021,2.2074,46.2766,-3.9362
early_no_oi,2026-09-21 10:15,WINUSDT,WIN,,4e-05,29.82526,1.541762,1.003058,0.039896,-0.049802,,,-0.002758274824473328,-0.0025075225677030355,-0.0017552657973921582,-0.0017552657973921582,-0.00877632898696079,0.37913741223671016,-0.04438314944834498,-0.2758,-0.2508,-0.1755,-0.1755,-0.8776,37.9137,-4.4383
early_no_oi,2026-09-22 19:15,WINUSDT,WIN,,4e-05,20.303166,0.603083,0.696754,0.022031,-0.012009,,,-0.004707631318136674,-0.008919722497522264,-0.016352824578790837,-0.00941526263627357,-0.007433102081268572,0.3627353815659069,-0.0557482656095144,-0.4708,-0.892,-1.6353,-0.9415,-0.7433,36.2735,-5.5748
early_no_oi,2026-09-23 16:00,WINUSDT,WIN,,4.1e-05,31.665324,0.630469,0.540222,0.021755,0.022239,,,-0.03218001451729968,-0.026131139608032816,-0.039922574401161426,-0.03605129445923061,-0.05685942414710854,0.33075248003871294,-0.07790950883135739,-3.218,-2.6131,-3.9923,-3.6051,-5.6859,33.0752,-7.791
early_no_oi,2026-09-25 23:00,WINUSDT,WIN,,4.1e-05,18.659909,2.518727,1.958657,0.01001,0.047035,,,0.0002417210539038539,-0.0016920473773265332,0.0002417210539038539,0.033357505438723845,0.03456611070824267,0.3294657964708727,-0.010877447425670761,0.0242,-0.1692,0.0242,3.3358,3.4566,32.9466,-1.0877
early_no_oi,2026-09-27 13:00,WINUSDT,WIN,,4.5e-05,19.287564,0.446771,0.671547,0.012429,0.017943,,,-0.003794642857142816,-0.00044642857142851433,-0.007366071428571375,-0.009151785714285654,0.036160714285714324,0.22767857142857162,-0.027232142857142816,-0.3795,-0.0446,-0.7366,-0.9152,3.6161,22.7679,-2.7232
early_no_oi,2026-10-01 10:15,WINUSDT,WIN,,5e-05,43.960597,0.709509,0.415562,0.038541,0.01344,,,-0.0021947326416601465,-0.008379888268156388,-0.013367916999201923,0.004389465283320071,-0.08339984038308068,0.09736632083000796,-0.12669592976855548,-0.2195,-0.838,-1.3368,0.4389,-8.34,9.7366,-12.6696
early_no_oi,2026-10-02 20:45,WINUSDT,WIN,,4.6e-05,13.304683,1.130913,1.350921,0.031144,-0.133555,,,-0.0026263952724885353,0.0021886627270737424,0.010724447362661538,0.0030641278179033282,,0.05427883563142921,-0.031297876997154694,-0.2626,0.2189,1.0724,0.3064,,5.4279,-3.1298
early_no_oi,2026-09-24 02:15,XNOUSDT,XNO,,0.382,14.682308,0.351735,1.053927,0.026882,-0.002681,,,0.0680628272251309,0.020942408376963373,0.03141361256544495,0.018324607329842868,-0.01832460732984298,0.07068062827225119,-0.09685863874345557,6.8063,2.0942,3.1414,1.8325,-1.8325,7.0681,-9.6859
early_no_oi,2026-10-01 12:15,XNOUSDT,XNO,,0.366,17.697202,0.307563,0.107564,0.019499,-0.0271,,,0.0,0.002732240437158362,-0.008196721311475419,-0.005464480874316946,-0.040983606557377095,0.024590163934426146,-0.05464480874316946,0.0,0.2732,-0.8197,-0.5464,-4.0984,2.459,-5.4645
